"ProjID","Year","Salinity","Temp","CPUE","JuvCPUE","SubadultCPUE","AdultCPUE","ImmatureFemaleCPUE","MatureFemaleCPUE","ImmatureMaleCPUE","MatureMaleCPUE","SublegalCPUE","LegalCPUE"
"B90",1980,21.9611426767677,19.4955965909091,1.1636189709596,0.225281897447201,0.516251094958908,0.426618007173016,0.463908083974949,0.227418028098312,0.219725108942579,0.257099778563284,0.741532992406109,0.426618007173016
"B90",1981,24.1909722222222,19.5520238095238,5.85987232142857,0.997661011690181,2.43059534238657,2.43533652290737,1.83752291395909,2.23590118384236,0.815763937509482,0.974404841673193,3.42825635407675,2.43533652290737
"B90",1982,20.455753968254,19.7356084656085,1.14957910353535,0.313705723207822,0.506836444986546,0.332642995947046,0.44577138727596,0.225334878823307,0.260358348191602,0.221720549850545,0.820542168194368,0.332642995947046
"B90",1983,21.3103535353535,19.5279356060606,4.69389658038721,2.6039514384618,1.1333292244676,0.959436422508312,2.37573891818636,0.6045037587728,1.21877521374456,0.497699194733993,3.7372806629294,0.959436422508312
"B90",1984,21.3909550045914,20.365873015873,10.4166397546898,2.58607089081891,5.10461387784686,2.72875094561995,4.77338382478586,2.14268966186561,2.37283272893445,1.1305294986998,7.69068476866577,2.72875094561995
"B90",1985,23.9668831168831,20.7963194444444,7.70693805555555,3.7514251040597,1.86018237317504,2.09842613387637,3.39553826952236,1.1070766761273,2.1628805289348,1.04453813652666,5.61160747723474,2.09842613387637
"B90",1986,24.6769510582011,20.6183101851852,13.0266196524772,2.20805580292481,7.29697743381003,3.43264485008575,5.6519725802628,2.71038607267561,2.84894048735166,1.63719854760104,9.50503323673484,3.43264485008575
"B90",1987,25.3683479532164,19.8018828320802,15.724811460944,3.44216050105292,5.07874745165445,7.2070664906928,4.83906669551713,6.24604080320044,2.31864354107519,2.30505766286667,8.52090795270737,7.2070664906928
"B90",1988,25.3617634680135,19.5111868686869,12.4783049873737,2.54927384496589,5.96020643700986,3.97211682661012,4.7954498981854,3.51964665371654,2.64709983348092,1.48333040811178,8.50948028197574,3.97211682661012
"B90",1989,22.0448870573871,19.4488517501017,11.745228289072,5.31509537089887,3.59141483476659,2.84194634551484,5.33159871691381,2.63904263738796,3.22914393579092,0.54867126108761,8.90651020566547,2.84194634551484
"B90",1990,24.7516955266955,21.4354443241943,7.50966866564808,3.27853534245719,2.36720593026999,1.86683647887852,3.15686016258397,0.977791244496181,1.86861592207567,1.50931042244987,5.64574127272717,1.86683647887852
"B90",1991,22.741349969475,21.3126189088689,7.87002372835498,3.03508949382416,3.18134624035517,1.65644311202076,3.41565599467527,1.190601734165,2.18442897716202,1.0821921401978,6.21643573417934,1.65644311202076
"B90",1992,24.6708333333333,20.1222222222222,20.0901520833333,3.19238511495877,8.2081877858446,8.69234807141885,6.73984833759259,8.19899698942304,2.90911484065927,2.24496080454733,11.4005729008034,8.69234807141885
"B90",1993,22.272591991342,20.4946284271284,8.62240738636364,2.45236082082079,4.45585116729909,1.7170101457185,4.01784225208482,1.43262738270397,2.35241088625422,0.822341612795368,6.90821198811989,1.7170101457185
"B90",1994,22.010409035409,20.7204937423687,15.4075038919414,4.65962417411585,7.50856434410175,3.2420706728691,7.2446520311144,2.43779539736268,3.46724583913688,2.25083557090862,12.1681885182176,3.2420706728691
"B90",1995,23.957671957672,20.5268485449735,5.67089384920635,1.75451604362001,2.50823631953128,1.41073074531432,2.56576419802255,1.00345147536481,1.37327951210005,0.722339256311524,4.26275236315129,1.41073074531432
"B90",1996,24.6746031746032,19.4109722222222,20.2825630952381,5.42750890636293,8.5197962316729,6.33743684609115,7.00155799885022,6.49079376601611,4.67722672832666,2.115163490934,13.9473051380358,6.33743684609115
"B90",1997,24.7434523809524,20.7235185185185,9.91164216269841,3.89555016593754,4.41145371782022,1.60642753819991,4.82113215895132,1.30499012731979,2.83895979863301,0.948349337053549,8.30700388375777,1.60642753819991
"B90",1998,23.3405753968254,21.3232242063492,2.89554821428571,0.635371107844164,1.39083356520135,0.871695763462423,1.09937525657462,0.521165192417306,0.710169185211312,0.567190802304695,2.02620467304551,0.871695763462423
"B90",1999,24.9963293650794,21.1167757936508,6.07437172619048,1.43571558476523,3.13258102710382,1.50867400321031,2.68714695040617,1.09588865673528,1.22773666463501,1.06619834330291,4.56829661186905,1.50867400321031
"B90",2000,24.6400462962963,20.5896990740741,9.65899583333333,0.816930642018363,4.53476439263519,4.30981172460571,2.52113046104639,3.63808524195951,1.81065533514655,1.69163572110681,5.35169503465355,4.30981172460571
"B90",2001,27.9019702519703,20.5323752636253,26.9572431443556,4.88104531743246,8.90798980219043,13.1701685375533,8.71568331344291,9.8415049787694,4.30817530752678,4.09384005743707,13.7890351196229,13.1701685375533
"B90",2002,28.6805555555556,20.9666666666667,2.29610555555556,0.32768545751634,1.27715800653595,0.691417647058824,1.06084297385621,0.430741666666667,0.512750490196078,0.291925980392157,1.60484346405229,0.691417647058824
"B90",2003,29.0138888888889,20.0097222222222,6.0625,0.479166666666667,1.84722222222222,3.73611111111111,1.59722222222222,3.45833333333333,0.520833333333333,0.486111111111111,2.32638888888889,3.73611111111111
"B90",2004,27.2215277777778,20.4562037037037,19.7569444444444,4.13061186339752,11.3806769071421,4.24565567390481,5.7682262471921,3.27497924683341,3.35226384105744,2.73795521695436,15.5112887705396,4.24565567390481
"B90",2005,25.5625,21.1625,13.9458333333333,6.10311507936508,6.40751984126984,1.43519841269841,7.16940476190476,0.88,4.57353174603175,1.32289682539683,12.5106349206349,1.43519841269841
"B90",2006,26.0708333333333,22.09875,15.0984848484848,7.4515884323384,5.68479375944395,1.9621026567025,7.54607179544798,1.15623966398697,4.82119159207384,1.57498179697607,13.1363821917824,1.9621026567025
"B90",2007,28.2630952380952,22.0140476190476,9.59201388888889,3.80322962595401,4.34630459272084,1.44247967021405,4.15045536678894,0.872124988726551,3.64034108357782,0.929092449795575,8.14953421867484,1.44247967021405
"B90",2008,30.4333333333333,20.3833333333333,10.03125,3.48890826927362,3.92717110044775,2.61517063027863,4.50448512501592,1.68129184438927,2.6412459515056,1.20422707908921,7.41607936972137,2.61517063027863
"B90",2009,27.9583333333333,18.6965277777778,1.86111111111111,0.285714285714286,0.876984126984127,0.698412698412698,0.694444444444444,0.396825396825397,0.412698412698413,0.357142857142857,1.16269841269841,0.698412698412698
"B90",2010,25.0134920634921,19.6375714285714,3.60292207792208,0.368506493506494,1.36475468975469,1.86966089466089,0.937301587301587,1.45591630591631,0.476695526695527,0.630735930735931,1.73326118326118,1.86966089466089
"B90",2011,27.8785714285714,20.1482142857143,10.0876623376623,1.07142857142857,4.85473785473785,4.16149591149591,2.71741221741222,3.88215488215488,1.6537999037999,1.83429533429533,5.92616642616643,4.16149591149591
"B90",2012,26.825,19.675,3.99749668435013,1.33942307692308,1.83932360742706,0.81875,1.6792274535809,0.675,0.818269230769231,0.325,3.17874668435013,0.81875
"B90",2013,23.4881944444444,19.8247916666667,2.17013888888889,1.09375,0.8125,0.263888888888889,1.23611111111111,0.277777777777778,0.538194444444444,0.118055555555556,1.90625,0.263888888888889
"B90",2014,19.8888888888889,19.6906746031746,1.6875,0.364583333333333,0.614583333333333,0.708333333333333,0.354166666666667,0.520833333333333,0.135416666666667,0.229166666666667,0.979166666666667,0.708333333333333
"B90",2015,18.7678571428571,20.7199404761905,3.16666666666667,1.02083333333333,0.646130952380952,1.48095238095238,0.994642857142857,1.00595238095238,0.660416666666667,0.424404761904762,1.66696428571429,1.48095238095238
"B90",2016,22.0340909090909,22.0352272727273,9.81818181818182,1.05681818181818,2.22727272727273,5.96590909090909,1.75,3.98863636363636,1.38636363636364,2.10227272727273,3.28409090909091,5.96590909090909
"B90",2017,21.78125,21.83125,8.4157196969697,1.03125,2.64583333333333,3.6344696969697,1.95833333333333,2.83238636363636,1.1875,1.22916666666667,3.67708333333333,3.6344696969697
"B90",2018,21.09375,20.7749999722917,10.4270833333333,2.1356456043956,2.85737179487179,5.07989926739927,2.79304029304029,4.5069826007326,1.58379120879121,1.1161858974359,4.9930173992674,5.07989926739927
"E98",1999,19.875,NA,9.05797123875,0,7.246376990625,1.811594248125,0,0,0,0,7.246376990625,1.811594248125
"E98",2000,15.1333333333333,NA,7.24637699166667,0,0,4.830917995,0,0,0,0,0,4.830917995
"E98",2001,10.3,NA,3.623188495,0,0,3.623188495,0,0,0,0,0,3.623188495
"E98",2002,20.3666666666667,NA,0,0,0,0,0,0,0,0,0,0
"E98",2003,5.375,NA,3.623188495,0,3.623188495,0,0,0,0,0,3.623188495,0
"E98",2004,2.45,NA,7.2463769925,0,3.62318849625,3.62318849625,0,0,0,0,3.62318849625,3.62318849625
"E98",2005,14.975,NA,12.68115973375,1.811594248125,0,10.869565485625,0,0,0,0,1.811594248125,10.869565485625
"E98",2006,22.6,NA,21.739130975,0,0,21.739130975,0,0,0,0,0,21.739130975
"E98",2007,18.25,NA,48.14771843,0,14.98682486275,33.16089356725,0,0,0,0,14.98682486275,33.16089356725
"E98",2008,21,NA,0,0,0,0,0,0,0,0,0,0
"E98",2010,25.55,NA,65.2173919775,3.623188495625,32.60869599,28.985507491875,0,0,0,0,36.231884485625,28.985507491875
"E98",2012,26,NA,1291.06282065,0,1061.59421905958,229.468601590417,0,0,0,0,1061.59421905958,229.468601590417
"E98",2015,0.3,NA,7.24637699,7.24637699,0,0,0,0,0,0,7.24637699,0
"E98",2016,21.7,NA,7.24637699,0,0,7.24637699,0,0,0,0,0,7.24637699
"E98",2017,7,NA,14.492753985,0,7.2463769925,7.2463769925,0,0,0,0,7.2463769925,7.2463769925
"E98",2018,12.1,NA,7.24637699,0,7.24637699,0,0,0,0,0,7.24637699,0
"E99",1999,23,NA,7.24637699,0,3.623188495,3.623188495,0,0,0,0,3.623188495,3.623188495
"E99",2000,18.0666666666667,NA,2.415458997,0,2.415458997,0,0,0,0,0,2.415458997,0
"E99",2001,21.3333333333333,NA,3.01932366666667,0,0,3.01932366666667,0,0,0,0,0,3.01932366666667
"E99",2002,25.8583333333333,NA,4.5289855,0,1.8115942,2.7173913,0,0,0,0,1.8115942,2.7173913
"E99",2003,18.6,NA,9.057971239,1.811594247625,4.5289856191875,2.7173913721875,0,0,0,0,6.3405798668125,2.7173913721875
"E99",2004,25.85,NA,3.623188495,0,0,3.623188495,0,0,0,0,0,3.623188495
"E99",2005,24.3,NA,0,0,0,0,0,0,0,0,0,0
"E99",2006,25.8,NA,4.52898550025,0,1.81159420804167,2.71739129220833,0,0,0,0,1.81159420804167,2.71739129220833
"E99",2007,28.2,NA,3.6231884955,3.6231884955,0,0,0,0,0,0,3.6231884955,0
"E99",2009,22.4333333333333,NA,2.415458997,1.2077294985,1.2077294985,0,0,0,0,0,2.415458997,0
"E99",2010,20.5,NA,7.24637699,0,3.623188495,3.623188495,0,0,0,0,3.623188495,3.623188495
"E99",2011,24.3,NA,10.8695654855,0,10.8695654855,0,0,0,0,0,10.8695654855,0
"E99",2012,14.5,NA,1.81159424775,0,0,1.81159424775,0,0,0,0,0,1.81159424775
"E99",2013,25.5666666666667,NA,1.2077294985,0,1.2077294985,0,0,0,0,0,1.2077294985,0
"E99",2014,18.5,NA,7.24637699166667,0,0,7.24637699166667,0,0,0,0,0,7.24637699166667
"E99",2015,17.7,NA,0,0,0,0,0,0,0,0,0,0
"E99",2016,30.7,NA,0,0,0,0,0,0,0,0,0,0
"E99",2017,22.1,NA,3.623188495,0,1.8115942475,1.8115942475,0,0,0,0,1.8115942475,1.8115942475
"E99",2018,22.4,NA,1.81159424775,0,0,1.81159424775,0,0,0,0,0,1.81159424775
"P88",1988,25,17.3,76.3179916317992,NA,NA,NA,NA,NA,NA,NA,34.1422594142259,42.1757322175732
"P88",1989,13,22.1,112.170588899463,NA,NA,NA,NA,NA,NA,NA,36.3211123118861,75.8494765875768
"P88",1990,22.5,20.9,66.3791517629024,NA,NA,NA,NA,NA,NA,NA,15.0884006131834,51.290751149719
"P88",1991,16.5,22.2,53.2242505964112,NA,NA,NA,NA,NA,NA,NA,12.9416035680946,40.2826470283166
"P88",1992,17,16.7,60.8640282131661,NA,NA,NA,NA,NA,NA,NA,11.0883620689655,49.7756661442006
"P88",1993,22.5,21.25,69.6587358807979,NA,NA,NA,NA,NA,NA,NA,27.2362412881519,42.422494592646
"P88",1994,16,21.8,45.4486977360156,NA,NA,NA,NA,NA,NA,NA,19.0174686258435,26.4312291101722
"P88",1995,20.5,19.85,71.8916811399,NA,NA,NA,NA,NA,NA,NA,21.8112217771949,50.0804593627051
"P88",1996,21,20.65,57.0021052631579,NA,NA,NA,NA,NA,NA,NA,23.6912280701754,33.3108771929825
"P88",1997,20,18.35,36.4299701123364,NA,NA,NA,NA,NA,NA,NA,12.7726819883885,23.6572881239479
"P88",1998,22.5,21.75,31.2529799994981,NA,NA,NA,NA,NA,NA,NA,9.36435042284625,21.8886295766519
"P88",1999,16,19.15,68.6802369604917,NA,NA,NA,NA,NA,NA,NA,24.3597167164046,44.3205202440871
"P88",2000,22.5,16.15,26.6503298237616,NA,NA,NA,NA,NA,NA,NA,12.4600720910684,14.1902577326932
"P88",2001,27,19.9,19.533527696793,NA,NA,NA,NA,NA,NA,NA,9.97813411078717,9.55539358600583
"P88",2002,25,16.65,50.6813068130681,NA,NA,NA,NA,NA,NA,NA,16.5331653316533,34.1481414814148
"P88",2003,20.1666666666667,20.5,16.8797540020176,NA,NA,NA,NA,NA,NA,NA,8.91268675361095,7.96706724840667
"P88",2004,19.1428571428571,23.0857142857143,114.32372925203,NA,NA,NA,NA,NA,NA,NA,60.5527486069772,53.7709806450524
"P88",2005,20.3333333333333,21.55,65.9614479594402,NA,NA,NA,NA,NA,NA,NA,34.9260685237879,31.0353794356523
"P88",2006,24.8333333333333,20.95,55.5501444576549,NA,NA,NA,NA,NA,NA,NA,28.3150251650767,27.2351192925781
"P88",2007,25,22.7833333333333,43.5133063695525,NA,NA,NA,NA,NA,NA,NA,19.8166683931694,23.6966379763831
"P88",2008,23,21.9,51.8700343668611,NA,NA,NA,NA,NA,NA,NA,21.6702589967303,30.1997753701308
"P88",2009,24.5,22.1166666666667,31.1071220412031,NA,NA,NA,NA,NA,NA,NA,12.2114655268397,18.8956565143634
"P88",2010,20.6,22.64,19.2882976166236,NA,NA,NA,NA,NA,NA,NA,7.59841485583818,11.6898827607854
"P88",2011,23.6666666666667,23.6,40.1916294938348,NA,NA,NA,NA,NA,NA,NA,13.8673241199336,26.3243053739012
"P88",2012,21.3333333333333,22.0833333333333,41.7634078078828,NA,NA,NA,NA,NA,NA,NA,24.0514283610371,17.7119794468456
"P88",2013,19.1666666666667,21.6833333333333,67.4234775143672,NA,NA,NA,NA,NA,NA,NA,18.07986979483,49.3436077195373
"P88",2014,17.75,20.525,33.2998477426225,NA,NA,NA,NA,NA,NA,NA,18.8052048418366,14.4946429007859
"P88",2015,16.25,21.425,29.5185371620465,NA,NA,NA,NA,NA,NA,NA,10.3597678934245,19.1587692686219
"P88",2016,17.5714285714286,20.9714285714286,32.6732614297533,NA,NA,NA,NA,NA,NA,NA,12.6839348775366,19.9893265522167
"P88",2017,20.4285714285714,20.8571428571429,34.4788656741239,NA,NA,NA,NA,NA,NA,NA,18.3705562446436,16.1083094294802
"P88",2018,21.8571428571429,21.7571428571429,43.6638345336652,NA,NA,NA,NA,NA,NA,NA,23.0187768682311,20.6450576654342
"T06",2006,23.8235906849402,21.3617817198868,1.59665640577574,NA,NA,NA,NA,NA,NA,NA,NA,NA
"T06",2007,25.1630322436718,21.9699851596718,1.72243909302733,NA,NA,NA,NA,NA,NA,NA,NA,NA
"T06",2008,25.0103856863556,21.2403498078753,2.20248711758723,NA,NA,NA,NA,NA,NA,NA,NA,NA
"T06",2009,24.4637730620481,21.2671287916747,0.622471894163071,NA,NA,NA,NA,NA,NA,NA,NA,NA
"T06",2010,22.101820479797,20.9071453181854,1.25842172427809,NA,NA,NA,NA,NA,NA,NA,NA,NA
"T06",2011,24.2873178630917,22.391093146411,1.50141872184544,NA,NA,NA,NA,NA,NA,NA,NA,NA
"T06",2012,24.0521262942861,21.7682273723041,2.46230477039301,NA,NA,NA,NA,NA,NA,NA,NA,NA
"T06",2013,20.1944817625656,20.7736106588675,1.33859038674748,NA,NA,NA,NA,NA,NA,NA,NA,NA
"T06",2014,21.6702990764538,20.5691499526976,0.588738549032667,NA,NA,NA,NA,NA,NA,NA,NA,NA
"T06",2015,20.1551269267973,21.4234157260132,1.60504722669452,NA,NA,NA,NA,NA,NA,NA,NA,NA
"T06",2016,20.155011820123,21.3552816121771,2.27313855557897,NA,NA,NA,NA,NA,NA,NA,NA,NA
"T06",2017,20.7626836909374,21.6005203656591,2.02987549396233,NA,NA,NA,NA,NA,NA,NA,NA,NA
"T06",2018,22.6716490180771,21.7206373881101,2.99360873035268,NA,NA,NA,NA,NA,NA,NA,NA,NA
"T38",1980,15.7152447552448,27.4177920148312,4.00857142857143,1.18207792207792,2.06103896103896,0.765454545454545,1.83792207792208,0.161038961038961,1.19350649350649,0.787532467532468,3.24311688311688,0.765454545454545
"T38",1981,17.2433333333333,27.5388495908554,3.39271929824561,0.474078947368421,2.23421052631579,0.684429824561403,1.04578947368421,0.04,1.2594298245614,0.995833333333333,2.70828947368421,0.684429824561403
"T38",1982,12.0737179487179,27.8368589635897,12.7596153846154,4.40064102564103,6.61538461538461,1.74358974358974,3.90384615384615,0.173076923076923,6.0224358974359,2.09935897435897,11.0160256410256,1.74358974358974
"T38",1983,14.9238095238095,26.6363490135143,5.53698412698413,1.9868253968254,2.47777777777778,1.07238095238095,2.06730158730159,0.179365079365079,1.91206349206349,1.23825396825397,4.46460317460317,1.07238095238095
"T38",1984,14.0633333333333,26.9174445424,7.74949494949495,2.95191919191919,3.74474747474747,1.05282828282828,2.84676767676768,0.136666666666667,2.99979797979798,1.48141414141414,6.69666666666667,1.05282828282828
"T38",1985,20.4102564102564,27.8547435103333,1.98776223776224,0.361538461538462,1.30268065268065,0.323543123543124,0.804545454545455,0.0454545454545455,0.661072261072261,0.438228438228438,1.66421911421911,0.323543123543124
"T38",1986,19.1133333333333,28.3005239708857,4.79428571428571,0.17047619047619,3.36,1.26380952380952,0.66952380952381,0.0576190476190476,1.82,2.16714285714286,3.53047619047619,1.26380952380952
"T38",1987,18.4205882352941,28.3150922542089,8.27254901960784,1.7974358974359,5.07043740573152,1.40467571644042,2.96138763197587,0.194720965309201,3.32760180995475,1.78883861236802,6.86787330316742,1.40467571644042
"T38",1988,17.2988019333608,27.3122551818466,5.22362196626903,2.20037021801728,2.6004679144385,0.422783833813246,2.35045248868778,0.0192307692307692,2.07335972850679,0.677411559029206,4.80083813245578,0.422783833813246
"T38",1989,17.271875,27.2322595824904,6.76625,3.15541666666667,2.82854166666667,0.782291666666667,2.90604166666667,0.166666666666667,2.831875,0.845,5.98395833333333,0.782291666666667
"T38",1990,16.8404558404558,27.0410731456078,3.29463437796771,1.17996201329535,1.65835707502374,0.456315289648623,1.36609686609687,0.102801519468186,1.34591642924976,0.42948717948718,2.83831908831909,0.456315289648623
"T38",1991,8.06174242424242,27.7776515792045,4.84166666666667,0.9375,3.24166666666667,0.6625,1.5375,0.075,2.20833333333333,0.866666666666667,4.17916666666667,0.6625
"T38",1992,10.8681985294118,28.3838050448199,5.50698529411765,1.05863970588235,3.58106617647059,0.867279411764706,1.82591911764706,0.276102941176471,2.05992647058824,0.935110294117647,4.63970588235294,0.867279411764706
"T38",1993,12.718253968254,28.4265872296825,5.49404761904762,2.32043650793651,2.38392857142857,0.78968253968254,2.38095238095238,0.200396825396825,1.80456349206349,0.875992063492063,4.70436507936508,0.78968253968254
"T38",1994,15.9117063492063,27.4266205709259,8.25,2.38888888888889,4.96064814814815,0.900462962962963,2.85648148148148,0.104166666666667,3.63425925925926,1.42361111111111,7.34953703703704,0.900462962962963
"T38",1995,14.1615032679739,28.680594655417,4.79241830065359,1.10705882352941,2.36830065359477,1.31705882352941,1.43274509803922,0.0635294117647059,1.41516339869281,1.81745098039216,3.47535947712418,1.31705882352941
"T38",1996,18.2446581196581,29.1944444200855,9.76068376068376,3.73397435897436,4.9957264957265,1.03098290598291,3.74465811965812,0.174145299145299,4.13995726495726,1.70192307692308,8.72970085470086,1.03098290598291
"T38",1997,13.0010084033613,28.2997282048265,7.8746218487395,1.93394957983193,3.8302380952381,2.11043417366947,2.74036414565826,0.318053221288515,2.36449579831933,2.45170868347339,5.76418767507003,2.11043417366947
"T38",1998,15.469246031746,29.9212092523431,12.0831699346405,3.70008169934641,6.60580065359477,1.77728758169935,3.60710784313725,0.466911764705882,4.7702614379085,3.23888888888889,10.3058823529412,1.77728758169935
"T38",1999,20.1990788623142,29.4957136563287,12.9397866839043,3.18825821941846,6.8712580576352,2.88027040685067,5.02316903144072,0.346752226231372,3.77544425719863,3.7944211690336,10.0595162770537,2.88027040685067
"T38",2000,19.240845959596,30.2515530281806,10.5403985507246,3.27567805383023,5.1019237405107,2.16279675638371,3.91944271911663,0.382729468599034,3.42803657694962,2.81018978605935,8.37760179434093,2.16279675638371
"T38",2001,21.6901709401709,29.1196047690438,4.96955128205128,1.2457264957265,3.13675213675214,0.587072649572649,1.90117521367521,0.0625,1.68643162393162,1.31944444444444,4.38247863247863,0.587072649572649
"T38",2002,22.2444444444444,29.2480557012222,6.22777777777778,1.6031746031746,3.45952380952381,1.16507936507937,2.23333333333333,0.180555555555556,2.18730158730159,1.6265873015873,5.06269841269841,1.16507936507937
"T38",2003,10.8638888888889,28.4190001325889,2.36555555555556,0.531666666666667,1.23055555555556,0.603333333333333,0.782222222222222,0.04,0.796111111111111,0.747222222222222,1.76222222222222,0.603333333333333
"T38",2004,19.1261294261294,28.1257693523944,8.72594627594628,2.71367521367521,3.9471916971917,1.84285714285714,3.13815628815629,0.239010989010989,2.61092796092796,2.51562881562882,6.66086691086691,1.84285714285714
"T38",2005,11.7740384615385,29.9751602287981,4.05849358974359,1.29326923076923,2.1786858974359,0.586538461538462,1.36298076923077,0.153044871794872,1.66426282051282,0.878205128205128,3.47195512820513,0.586538461538462
"T38",2006,20.8450854700855,28.4997863908226,3.09027777777778,1.19583333333333,1.30075757575758,0.593686868686869,1.24924242424242,0.0678030303030303,0.968686868686869,0.804545454545455,2.49659090909091,0.593686868686869
"T38",2007,21.4957107843137,29.3219485150221,2.30142045454545,0.438825757575758,1.084375,0.778219696969697,0.748863636363636,0.0166666666666667,0.588257575757576,0.947632575757576,1.52320075757576,0.778219696969697
"T38",2008,19.9010416666667,27.7572916844792,4.10416666666667,1.26041666666667,1.70833333333333,1.13541666666667,1.30729166666667,0.223958333333333,1.28645833333333,1.28645833333333,2.96875,1.13541666666667
"T38",2009,15.4427083333333,28.0866321476736,2.29513888888889,0.789930555555556,0.850694444444444,0.654513888888889,0.678819444444444,0.046875,0.770833333333333,0.798611111111111,1.640625,0.654513888888889
"T38",2010,18.4973544973545,30.574359102208,2.87566137566138,0.994708994708995,1.42328042328042,0.457671957671958,1.08994708994709,0.0608465608465608,1.17460317460317,0.55026455026455,2.41798941798942,0.457671957671958
"T38",2011,20.9071078431373,30.2727738312725,2.67095588235294,0.898815359477124,1.09812091503268,0.674019607843137,0.779616013071895,0.0866013071895425,1.08639705882353,0.718341503267974,1.9969362745098,0.674019607843137
"T38",2012,15.0222222222222,29.7394445418333,1.35,0.344444444444444,0.788888888888889,0.216666666666667,0.577777777777778,0.0277777777777778,0.35,0.394444444444444,1.13333333333333,0.216666666666667
"T38",2013,7.37307692307692,28.8602883325577,2.20192307692308,0.453846153846154,1.02019230769231,0.727884615384615,0.503846153846154,0.100961538461538,0.8,0.797115384615385,1.47403846153846,0.727884615384615
"T38",2014,19.1111111111111,30.1355555428889,1.47777777777778,0.244444444444444,0.6,0.633333333333333,0.711111111111111,0.133333333333333,0.133333333333333,0.5,0.844444444444445,0.633333333333333
"T38",2015,16.1166666666667,30.8648333000333,6.09333333333333,0.958333333333333,2.73833333333333,2.39666666666667,2.18833333333333,0.408333333333333,0.766666666666667,1.87166666666667,3.69666666666667,2.39666666666667
"T38",2016,18.9936507936508,27.9408570505429,3.14054834054834,1.02590187590188,0.955988455988456,1.02532467532468,0.732972582972583,0.105339105339105,1.03008658008658,1.07388167388167,1.98189033189033,1.02532467532468
"T38",2017,15.552380952381,27.521618948819,5.05741496598639,2.14156462585034,1.58224489795918,1.33360544217687,1.82068027210884,0.377619047619048,1.56979591836735,0.680748299319728,3.72380952380952,1.33360544217687
"T38",2018,16.809706959707,28.577769155696,4.84740537240537,2.27935939332998,1.38995606789724,0.84176512485336,1.293488592018,0.0979395604395604,1.87610668198903,0.922854868443104,3.66931546122723,0.84176512485336
"AshleyLandings",2003,NA,NA,4305.5,NA,NA,NA,NA,NA,NA,NA,NA,NA
"AshleyLandings",2004,NA,NA,10195.7475,NA,NA,NA,NA,NA,NA,NA,NA,NA
"AshleyLandings",2005,NA,NA,6530.13272727273,NA,NA,NA,NA,NA,NA,NA,NA,NA
"AshleyLandings",2006,NA,NA,10142.4466666667,NA,NA,NA,NA,NA,NA,NA,NA,NA
"AshleyLandings",2007,NA,NA,5782.6075,NA,NA,NA,NA,NA,NA,NA,NA,NA
"AshleyLandings",2008,NA,NA,6629.96583333333,NA,NA,NA,NA,NA,NA,NA,NA,NA
"AshleyLandings",2009,NA,NA,4424.41083333333,NA,NA,NA,NA,NA,NA,NA,NA,NA
"AshleyLandings",2010,NA,NA,4893.00666666667,NA,NA,NA,NA,NA,NA,NA,NA,NA
"AshleyLandings",2011,NA,NA,6913.448,NA,NA,NA,NA,NA,NA,NA,NA,NA
"AshleyLandings",2012,NA,NA,10499.325,NA,NA,NA,NA,NA,NA,NA,NA,NA
"AshleyLandings",2013,NA,NA,10124.2755555556,NA,NA,NA,NA,NA,NA,NA,NA,NA
"AshleyLandings",2014,NA,NA,8693.40909090909,NA,NA,NA,NA,NA,NA,NA,NA,NA
"AshleyLandings",2015,NA,NA,8790.97333333333,NA,NA,NA,NA,NA,NA,NA,NA,NA
"AshleyLandings",2016,NA,NA,13792.5333333333,NA,NA,NA,NA,NA,NA,NA,NA,NA
"AshleyLandings",2017,NA,NA,10880.6666666667,NA,NA,NA,NA,NA,NA,NA,NA,NA
"AshleyLandings",2018,NA,NA,11119.0933333333,NA,NA,NA,NA,NA,NA,NA,NA,NA
"CooperLandings",2003,NA,NA,6618.5,NA,NA,NA,NA,NA,NA,NA,NA,NA
"CooperLandings",2004,NA,NA,18718.7777777778,NA,NA,NA,NA,NA,NA,NA,NA,NA
"CooperLandings",2005,NA,NA,14937.52,NA,NA,NA,NA,NA,NA,NA,NA,NA
"CooperLandings",2006,NA,NA,19140.2909090909,NA,NA,NA,NA,NA,NA,NA,NA,NA
"CooperLandings",2007,NA,NA,15092.9333333333,NA,NA,NA,NA,NA,NA,NA,NA,NA
"CooperLandings",2008,NA,NA,18145.9272727273,NA,NA,NA,NA,NA,NA,NA,NA,NA
"CooperLandings",2009,NA,NA,13537.0181818182,NA,NA,NA,NA,NA,NA,NA,NA,NA
"CooperLandings",2010,NA,NA,18481.2363636364,NA,NA,NA,NA,NA,NA,NA,NA,NA
"CooperLandings",2011,NA,NA,34407.9381818182,NA,NA,NA,NA,NA,NA,NA,NA,NA
"CooperLandings",2012,NA,NA,37440.5491666667,NA,NA,NA,NA,NA,NA,NA,NA,NA
"CooperLandings",2013,NA,NA,20967.3116666667,NA,NA,NA,NA,NA,NA,NA,NA,NA
"CooperLandings",2014,NA,NA,20607.3818181818,NA,NA,NA,NA,NA,NA,NA,NA,NA
"CooperLandings",2015,NA,NA,14895.6666666667,NA,NA,NA,NA,NA,NA,NA,NA,NA
"CooperLandings",2016,NA,NA,22528.5363636364,NA,NA,NA,NA,NA,NA,NA,NA,NA
"CooperLandings",2017,NA,NA,26567.75,NA,NA,NA,NA,NA,NA,NA,NA,NA
"CooperLandings",2018,NA,NA,24930.4166666667,NA,NA,NA,NA,NA,NA,NA,NA,NA
"ChsHarborLandings",1972,NA,NA,48995.4545454545,NA,NA,NA,NA,NA,NA,NA,NA,NA
"ChsHarborLandings",1973,NA,NA,61153.5833333333,NA,NA,NA,NA,NA,NA,NA,NA,NA
"ChsHarborLandings",1974,NA,NA,30678.1666666667,NA,NA,NA,NA,NA,NA,NA,NA,NA
"ChsHarborLandings",1975,NA,NA,14362.6363636364,NA,NA,NA,NA,NA,NA,NA,NA,NA
"ChsHarborLandings",1976,NA,NA,5525.1,NA,NA,NA,NA,NA,NA,NA,NA,NA
"ChsHarborLandings",1977,NA,NA,23290.4,NA,NA,NA,NA,NA,NA,NA,NA,NA
"ChsHarborLandings",1978,NA,NA,34092.8333333333,NA,NA,NA,NA,NA,NA,NA,NA,NA
"ChsHarborLandings",1979,NA,NA,35152,NA,NA,NA,NA,NA,NA,NA,NA,NA
"ChsHarborLandings",1980,NA,NA,12855.4166666667,NA,NA,NA,NA,NA,NA,NA,NA,NA
"ChsHarborLandings",1981,NA,NA,13015.9166666667,NA,NA,NA,NA,NA,NA,NA,NA,NA
"ChsHarborLandings",1982,NA,NA,7916.83333333333,NA,NA,NA,NA,NA,NA,NA,NA,NA
"ChsHarborLandings",1983,NA,NA,28331.4166666667,NA,NA,NA,NA,NA,NA,NA,NA,NA
"ChsHarborLandings",1984,NA,NA,21865.3333333333,NA,NA,NA,NA,NA,NA,NA,NA,NA
"ChsHarborLandings",1985,NA,NA,21067.4166666667,NA,NA,NA,NA,NA,NA,NA,NA,NA
"ChsHarborLandings",1986,NA,NA,37058.1666666667,NA,NA,NA,NA,NA,NA,NA,NA,NA
"ChsHarborLandings",1987,NA,NA,57869.5833333333,NA,NA,NA,NA,NA,NA,NA,NA,NA
"ChsHarborLandings",1988,NA,NA,76971.5833333333,NA,NA,NA,NA,NA,NA,NA,NA,NA
"ChsHarborLandings",1989,NA,NA,68658.5833333333,NA,NA,NA,NA,NA,NA,NA,NA,NA
"ChsHarborLandings",1990,NA,NA,81699.8333333333,NA,NA,NA,NA,NA,NA,NA,NA,NA
"ChsHarborLandings",1991,NA,NA,82034.9166666667,NA,NA,NA,NA,NA,NA,NA,NA,NA
"ChsHarborLandings",1992,NA,NA,69565.75,NA,NA,NA,NA,NA,NA,NA,NA,NA
"ChsHarborLandings",1993,NA,NA,50316.0833333333,NA,NA,NA,NA,NA,NA,NA,NA,NA
"ChsHarborLandings",1994,NA,NA,92410.9166666667,NA,NA,NA,NA,NA,NA,NA,NA,NA
"ChsHarborLandings",1995,NA,NA,83781,NA,NA,NA,NA,NA,NA,NA,NA,NA
"ChsHarborLandings",1996,NA,NA,57685.9166666667,NA,NA,NA,NA,NA,NA,NA,NA,NA
"ChsHarborLandings",1997,NA,NA,65621.8333333333,NA,NA,NA,NA,NA,NA,NA,NA,NA
"ChsHarborLandings",1998,NA,NA,55335.9166666667,NA,NA,NA,NA,NA,NA,NA,NA,NA
"ChsHarborLandings",1999,NA,NA,57644.1666666667,NA,NA,NA,NA,NA,NA,NA,NA,NA
"ChsHarborLandings",2000,NA,NA,64392,NA,NA,NA,NA,NA,NA,NA,NA,NA
"ChsHarborLandings",2001,NA,NA,76517.4166666667,NA,NA,NA,NA,NA,NA,NA,NA,NA
"ChsHarborLandings",2002,NA,NA,63637.5,NA,NA,NA,NA,NA,NA,NA,NA,NA
"ChsHarborLandings",2003,NA,NA,31129.75,NA,NA,NA,NA,NA,NA,NA,NA,NA
"ChsHarborLandings",2004,NA,NA,12247.5016666667,NA,NA,NA,NA,NA,NA,NA,NA,NA
"ChsHarborLandings",2005,NA,NA,12951.0233333333,NA,NA,NA,NA,NA,NA,NA,NA,NA
"ChsHarborLandings",2006,NA,NA,11126.3858333333,NA,NA,NA,NA,NA,NA,NA,NA,NA
"ChsHarborLandings",2007,NA,NA,11355.9833333333,NA,NA,NA,NA,NA,NA,NA,NA,NA
"ChsHarborLandings",2008,NA,NA,13701.5766666667,NA,NA,NA,NA,NA,NA,NA,NA,NA
"ChsHarborLandings",2009,NA,NA,11924.6933333333,NA,NA,NA,NA,NA,NA,NA,NA,NA
"ChsHarborLandings",2010,NA,NA,8352.72666666667,NA,NA,NA,NA,NA,NA,NA,NA,NA
"ChsHarborLandings",2011,NA,NA,18532.15,NA,NA,NA,NA,NA,NA,NA,NA,NA
"ChsHarborLandings",2012,NA,NA,26145.2741666667,NA,NA,NA,NA,NA,NA,NA,NA,NA
"ChsHarborLandings",2013,NA,NA,13975.4233333333,NA,NA,NA,NA,NA,NA,NA,NA,NA
"ChsHarborLandings",2014,NA,NA,7471.79666666667,NA,NA,NA,NA,NA,NA,NA,NA,NA
"ChsHarborLandings",2015,NA,NA,8551.46666666667,NA,NA,NA,NA,NA,NA,NA,NA,NA
"ChsHarborLandings",2016,NA,NA,12275.6666666667,NA,NA,NA,NA,NA,NA,NA,NA,NA
"ChsHarborLandings",2017,NA,NA,10091.3958333333,NA,NA,NA,NA,NA,NA,NA,NA,NA
"ChsHarborLandings",2018,NA,NA,8696.47583333333,NA,NA,NA,NA,NA,NA,NA,NA,NA
"WandoLandings",1974,NA,NA,45800,NA,NA,NA,NA,NA,NA,NA,NA,NA
"WandoLandings",1978,NA,NA,972.25,NA,NA,NA,NA,NA,NA,NA,NA,NA
"WandoLandings",1979,NA,NA,22643,NA,NA,NA,NA,NA,NA,NA,NA,NA
"WandoLandings",1980,NA,NA,29520.5454545455,NA,NA,NA,NA,NA,NA,NA,NA,NA
"WandoLandings",1981,NA,NA,29558.6666666667,NA,NA,NA,NA,NA,NA,NA,NA,NA
"WandoLandings",1982,NA,NA,20521,NA,NA,NA,NA,NA,NA,NA,NA,NA
"WandoLandings",1983,NA,NA,13784,NA,NA,NA,NA,NA,NA,NA,NA,NA
"WandoLandings",1984,NA,NA,17630.1666666667,NA,NA,NA,NA,NA,NA,NA,NA,NA
"WandoLandings",1985,NA,NA,8328.33333333333,NA,NA,NA,NA,NA,NA,NA,NA,NA
"WandoLandings",1986,NA,NA,14180.0833333333,NA,NA,NA,NA,NA,NA,NA,NA,NA
"WandoLandings",1987,NA,NA,5787.41666666667,NA,NA,NA,NA,NA,NA,NA,NA,NA
"WandoLandings",1988,NA,NA,9694.36363636364,NA,NA,NA,NA,NA,NA,NA,NA,NA
"WandoLandings",1989,NA,NA,8474.16666666667,NA,NA,NA,NA,NA,NA,NA,NA,NA
"WandoLandings",1990,NA,NA,2976.75,NA,NA,NA,NA,NA,NA,NA,NA,NA
"WandoLandings",1991,NA,NA,11902,NA,NA,NA,NA,NA,NA,NA,NA,NA
"WandoLandings",1992,NA,NA,16632.0833333333,NA,NA,NA,NA,NA,NA,NA,NA,NA
"WandoLandings",1993,NA,NA,13979.4166666667,NA,NA,NA,NA,NA,NA,NA,NA,NA
"WandoLandings",1994,NA,NA,22631.25,NA,NA,NA,NA,NA,NA,NA,NA,NA
"WandoLandings",1995,NA,NA,19060.25,NA,NA,NA,NA,NA,NA,NA,NA,NA
"WandoLandings",1996,NA,NA,17231.3636363636,NA,NA,NA,NA,NA,NA,NA,NA,NA
"WandoLandings",1997,NA,NA,17455.0909090909,NA,NA,NA,NA,NA,NA,NA,NA,NA
"WandoLandings",1998,NA,NA,12853.1818181818,NA,NA,NA,NA,NA,NA,NA,NA,NA
"WandoLandings",1999,NA,NA,23198,NA,NA,NA,NA,NA,NA,NA,NA,NA
"WandoLandings",2000,NA,NA,18268.1818181818,NA,NA,NA,NA,NA,NA,NA,NA,NA
"WandoLandings",2001,NA,NA,25301.5,NA,NA,NA,NA,NA,NA,NA,NA,NA
"WandoLandings",2002,NA,NA,17402.6,NA,NA,NA,NA,NA,NA,NA,NA,NA
"WandoLandings",2003,NA,NA,4975.25,NA,NA,NA,NA,NA,NA,NA,NA,NA
"WandoLandings",2004,NA,NA,7478.575,NA,NA,NA,NA,NA,NA,NA,NA,NA
"WandoLandings",2005,NA,NA,9602.5,NA,NA,NA,NA,NA,NA,NA,NA,NA
"WandoLandings",2006,NA,NA,3998.06666666667,NA,NA,NA,NA,NA,NA,NA,NA,NA
"WandoLandings",2007,NA,NA,8474.2,NA,NA,NA,NA,NA,NA,NA,NA,NA
"WandoLandings",2008,NA,NA,10854.4781818182,NA,NA,NA,NA,NA,NA,NA,NA,NA
"WandoLandings",2009,NA,NA,13642.5,NA,NA,NA,NA,NA,NA,NA,NA,NA
"WandoLandings",2010,NA,NA,13682.2,NA,NA,NA,NA,NA,NA,NA,NA,NA
"WandoLandings",2011,NA,NA,13421.8,NA,NA,NA,NA,NA,NA,NA,NA,NA
"WandoLandings",2012,NA,NA,18527.6666666667,NA,NA,NA,NA,NA,NA,NA,NA,NA
"WandoLandings",2013,NA,NA,19450.1191666667,NA,NA,NA,NA,NA,NA,NA,NA,NA
"WandoLandings",2014,NA,NA,19971.75,NA,NA,NA,NA,NA,NA,NA,NA,NA
"WandoLandings",2015,NA,NA,20807.625,NA,NA,NA,NA,NA,NA,NA,NA,NA
"WandoLandings",2016,NA,NA,21797.0833333333,NA,NA,NA,NA,NA,NA,NA,NA,NA
"WandoLandings",2017,NA,NA,17506.3333333333,NA,NA,NA,NA,NA,NA,NA,NA,NA
"WandoLandings",2018,NA,NA,13298,NA,NA,NA,NA,NA,NA,NA,NA,NA
"SumLandings",1972,NA,NA,48995.4545454545,NA,NA,NA,NA,NA,NA,NA,NA,NA
"SumLandings",1973,NA,NA,61153.5833333333,NA,NA,NA,NA,NA,NA,NA,NA,NA
"SumLandings",1974,NA,NA,76478.1666666667,NA,NA,NA,NA,NA,NA,NA,NA,NA
"SumLandings",1975,NA,NA,14362.6363636364,NA,NA,NA,NA,NA,NA,NA,NA,NA
"SumLandings",1976,NA,NA,5525.1,NA,NA,NA,NA,NA,NA,NA,NA,NA
"SumLandings",1977,NA,NA,23290.4,NA,NA,NA,NA,NA,NA,NA,NA,NA
"SumLandings",1978,NA,NA,35065.0833333333,NA,NA,NA,NA,NA,NA,NA,NA,NA
"SumLandings",1979,NA,NA,57795,NA,NA,NA,NA,NA,NA,NA,NA,NA
"SumLandings",1980,NA,NA,42375.9621212121,NA,NA,NA,NA,NA,NA,NA,NA,NA
"SumLandings",1981,NA,NA,42574.5833333333,NA,NA,NA,NA,NA,NA,NA,NA,NA
"SumLandings",1982,NA,NA,28437.8333333333,NA,NA,NA,NA,NA,NA,NA,NA,NA
"SumLandings",1983,NA,NA,42115.4166666667,NA,NA,NA,NA,NA,NA,NA,NA,NA
"SumLandings",1984,NA,NA,39495.5,NA,NA,NA,NA,NA,NA,NA,NA,NA
"SumLandings",1985,NA,NA,29395.75,NA,NA,NA,NA,NA,NA,NA,NA,NA
"SumLandings",1986,NA,NA,51238.25,NA,NA,NA,NA,NA,NA,NA,NA,NA
"SumLandings",1987,NA,NA,63657,NA,NA,NA,NA,NA,NA,NA,NA,NA
"SumLandings",1988,NA,NA,86665.946969697,NA,NA,NA,NA,NA,NA,NA,NA,NA
"SumLandings",1989,NA,NA,77132.75,NA,NA,NA,NA,NA,NA,NA,NA,NA
"SumLandings",1990,NA,NA,84676.5833333333,NA,NA,NA,NA,NA,NA,NA,NA,NA
"SumLandings",1991,NA,NA,93936.9166666667,NA,NA,NA,NA,NA,NA,NA,NA,NA
"SumLandings",1992,NA,NA,86197.8333333333,NA,NA,NA,NA,NA,NA,NA,NA,NA
"SumLandings",1993,NA,NA,64295.5,NA,NA,NA,NA,NA,NA,NA,NA,NA
"SumLandings",1994,NA,NA,115042.166666667,NA,NA,NA,NA,NA,NA,NA,NA,NA
"SumLandings",1995,NA,NA,102841.25,NA,NA,NA,NA,NA,NA,NA,NA,NA
"SumLandings",1996,NA,NA,74917.2803030303,NA,NA,NA,NA,NA,NA,NA,NA,NA
"SumLandings",1997,NA,NA,83076.9242424242,NA,NA,NA,NA,NA,NA,NA,NA,NA
"SumLandings",1998,NA,NA,68189.0984848485,NA,NA,NA,NA,NA,NA,NA,NA,NA
"SumLandings",1999,NA,NA,80842.1666666667,NA,NA,NA,NA,NA,NA,NA,NA,NA
"SumLandings",2000,NA,NA,82660.1818181818,NA,NA,NA,NA,NA,NA,NA,NA,NA
"SumLandings",2001,NA,NA,101818.916666667,NA,NA,NA,NA,NA,NA,NA,NA,NA
"SumLandings",2002,NA,NA,81040.1,NA,NA,NA,NA,NA,NA,NA,NA,NA
"SumLandings",2003,NA,NA,47029,NA,NA,NA,NA,NA,NA,NA,NA,NA
"SumLandings",2004,NA,NA,48640.6019444444,NA,NA,NA,NA,NA,NA,NA,NA,NA
"SumLandings",2005,NA,NA,44021.1760606061,NA,NA,NA,NA,NA,NA,NA,NA,NA
"SumLandings",2006,NA,NA,44407.1900757576,NA,NA,NA,NA,NA,NA,NA,NA,NA
"SumLandings",2007,NA,NA,40705.7241666667,NA,NA,NA,NA,NA,NA,NA,NA,NA
"SumLandings",2008,NA,NA,49331.9479545455,NA,NA,NA,NA,NA,NA,NA,NA,NA
"SumLandings",2009,NA,NA,43528.6223484848,NA,NA,NA,NA,NA,NA,NA,NA,NA
"SumLandings",2010,NA,NA,45409.1696969697,NA,NA,NA,NA,NA,NA,NA,NA,NA
"SumLandings",2011,NA,NA,73275.3361818182,NA,NA,NA,NA,NA,NA,NA,NA,NA
"SumLandings",2012,NA,NA,92612.815,NA,NA,NA,NA,NA,NA,NA,NA,NA
"SumLandings",2013,NA,NA,64517.1297222222,NA,NA,NA,NA,NA,NA,NA,NA,NA
"SumLandings",2014,NA,NA,56744.3375757576,NA,NA,NA,NA,NA,NA,NA,NA,NA
"SumLandings",2015,NA,NA,53045.7316666667,NA,NA,NA,NA,NA,NA,NA,NA,NA
"SumLandings",2016,NA,NA,70393.8196969697,NA,NA,NA,NA,NA,NA,NA,NA,NA
"SumLandings",2017,NA,NA,65046.1458333333,NA,NA,NA,NA,NA,NA,NA,NA,NA
"SumLandings",2018,NA,NA,58043.9858333333,NA,NA,NA,NA,NA,NA,NA,NA,NA
"MeanLandings",1972,NA,NA,48995.4545454545,NA,NA,NA,NA,NA,NA,NA,NA,NA
"MeanLandings",1973,NA,NA,61153.5833333333,NA,NA,NA,NA,NA,NA,NA,NA,NA
"MeanLandings",1974,NA,NA,38239.0833333333,NA,NA,NA,NA,NA,NA,NA,NA,NA
"MeanLandings",1975,NA,NA,14362.6363636364,NA,NA,NA,NA,NA,NA,NA,NA,NA
"MeanLandings",1976,NA,NA,5525.1,NA,NA,NA,NA,NA,NA,NA,NA,NA
"MeanLandings",1977,NA,NA,23290.4,NA,NA,NA,NA,NA,NA,NA,NA,NA
"MeanLandings",1978,NA,NA,17532.5416666667,NA,NA,NA,NA,NA,NA,NA,NA,NA
"MeanLandings",1979,NA,NA,28897.5,NA,NA,NA,NA,NA,NA,NA,NA,NA
"MeanLandings",1980,NA,NA,21187.9810606061,NA,NA,NA,NA,NA,NA,NA,NA,NA
"MeanLandings",1981,NA,NA,21287.2916666667,NA,NA,NA,NA,NA,NA,NA,NA,NA
"MeanLandings",1982,NA,NA,14218.9166666667,NA,NA,NA,NA,NA,NA,NA,NA,NA
"MeanLandings",1983,NA,NA,21057.7083333333,NA,NA,NA,NA,NA,NA,NA,NA,NA
"MeanLandings",1984,NA,NA,19747.75,NA,NA,NA,NA,NA,NA,NA,NA,NA
"MeanLandings",1985,NA,NA,14697.875,NA,NA,NA,NA,NA,NA,NA,NA,NA
"MeanLandings",1986,NA,NA,25619.125,NA,NA,NA,NA,NA,NA,NA,NA,NA
"MeanLandings",1987,NA,NA,31828.5,NA,NA,NA,NA,NA,NA,NA,NA,NA
"MeanLandings",1988,NA,NA,43332.9734848485,NA,NA,NA,NA,NA,NA,NA,NA,NA
"MeanLandings",1989,NA,NA,38566.375,NA,NA,NA,NA,NA,NA,NA,NA,NA
"MeanLandings",1990,NA,NA,42338.2916666667,NA,NA,NA,NA,NA,NA,NA,NA,NA
"MeanLandings",1991,NA,NA,46968.4583333333,NA,NA,NA,NA,NA,NA,NA,NA,NA
"MeanLandings",1992,NA,NA,43098.9166666667,NA,NA,NA,NA,NA,NA,NA,NA,NA
"MeanLandings",1993,NA,NA,32147.75,NA,NA,NA,NA,NA,NA,NA,NA,NA
"MeanLandings",1994,NA,NA,57521.0833333333,NA,NA,NA,NA,NA,NA,NA,NA,NA
"MeanLandings",1995,NA,NA,51420.625,NA,NA,NA,NA,NA,NA,NA,NA,NA
"MeanLandings",1996,NA,NA,37458.6401515152,NA,NA,NA,NA,NA,NA,NA,NA,NA
"MeanLandings",1997,NA,NA,41538.4621212121,NA,NA,NA,NA,NA,NA,NA,NA,NA
"MeanLandings",1998,NA,NA,34094.5492424242,NA,NA,NA,NA,NA,NA,NA,NA,NA
"MeanLandings",1999,NA,NA,40421.0833333333,NA,NA,NA,NA,NA,NA,NA,NA,NA
"MeanLandings",2000,NA,NA,41330.0909090909,NA,NA,NA,NA,NA,NA,NA,NA,NA
"MeanLandings",2001,NA,NA,50909.4583333333,NA,NA,NA,NA,NA,NA,NA,NA,NA
"MeanLandings",2002,NA,NA,40520.05,NA,NA,NA,NA,NA,NA,NA,NA,NA
"MeanLandings",2003,NA,NA,11757.25,NA,NA,NA,NA,NA,NA,NA,NA,NA
"MeanLandings",2004,NA,NA,12160.1504861111,NA,NA,NA,NA,NA,NA,NA,NA,NA
"MeanLandings",2005,NA,NA,11005.2940151515,NA,NA,NA,NA,NA,NA,NA,NA,NA
"MeanLandings",2006,NA,NA,11101.7975189394,NA,NA,NA,NA,NA,NA,NA,NA,NA
"MeanLandings",2007,NA,NA,10176.4310416667,NA,NA,NA,NA,NA,NA,NA,NA,NA
"MeanLandings",2008,NA,NA,12332.9869886364,NA,NA,NA,NA,NA,NA,NA,NA,NA
"MeanLandings",2009,NA,NA,10882.1555871212,NA,NA,NA,NA,NA,NA,NA,NA,NA
"MeanLandings",2010,NA,NA,11352.2924242424,NA,NA,NA,NA,NA,NA,NA,NA,NA
"MeanLandings",2011,NA,NA,18318.8340454545,NA,NA,NA,NA,NA,NA,NA,NA,NA
"MeanLandings",2012,NA,NA,23153.20375,NA,NA,NA,NA,NA,NA,NA,NA,NA
"MeanLandings",2013,NA,NA,16129.2824305556,NA,NA,NA,NA,NA,NA,NA,NA,NA
"MeanLandings",2014,NA,NA,14186.0843939394,NA,NA,NA,NA,NA,NA,NA,NA,NA
"MeanLandings",2015,NA,NA,13261.4329166667,NA,NA,NA,NA,NA,NA,NA,NA,NA
"MeanLandings",2016,NA,NA,17598.4549242424,NA,NA,NA,NA,NA,NA,NA,NA,NA
"MeanLandings",2017,NA,NA,16261.5364583333,NA,NA,NA,NA,NA,NA,NA,NA,NA
"MeanLandings",2018,NA,NA,14510.9964583333,NA,NA,NA,NA,NA,NA,NA,NA,NA
"AshleyCPUE",2004,NA,NA,2.33066986530109,NA,NA,NA,NA,NA,NA,NA,NA,NA
"AshleyCPUE",2005,NA,NA,2.75382134750278,NA,NA,NA,NA,NA,NA,NA,NA,NA
"AshleyCPUE",2006,NA,NA,2.49159778794871,NA,NA,NA,NA,NA,NA,NA,NA,NA
"AshleyCPUE",2007,NA,NA,2.40082102553317,NA,NA,NA,NA,NA,NA,NA,NA,NA
"AshleyCPUE",2008,NA,NA,2.44270292699271,NA,NA,NA,NA,NA,NA,NA,NA,NA
"AshleyCPUE",2009,NA,NA,1.62218070333963,NA,NA,NA,NA,NA,NA,NA,NA,NA
"AshleyCPUE",2010,NA,NA,1.89263434504213,NA,NA,NA,NA,NA,NA,NA,NA,NA
"AshleyCPUE",2011,NA,NA,2.35152922454141,NA,NA,NA,NA,NA,NA,NA,NA,NA
"AshleyCPUE",2012,NA,NA,2.95424409488692,NA,NA,NA,NA,NA,NA,NA,NA,NA
"AshleyCPUE",2013,NA,NA,2.59381242567353,NA,NA,NA,NA,NA,NA,NA,NA,NA
"AshleyCPUE",2014,NA,NA,2.05110619620109,NA,NA,NA,NA,NA,NA,NA,NA,NA
"AshleyCPUE",2015,NA,NA,2.23092870190559,NA,NA,NA,NA,NA,NA,NA,NA,NA
"AshleyCPUE",2016,NA,NA,2.60214476232845,NA,NA,NA,NA,NA,NA,NA,NA,NA
"AshleyCPUE",2017,NA,NA,2.78927570889587,NA,NA,NA,NA,NA,NA,NA,NA,NA
"AshleyCPUE",2018,NA,NA,2.56659986825303,NA,NA,NA,NA,NA,NA,NA,NA,NA
"CooperCPUE",2004,NA,NA,2.45202955075622,NA,NA,NA,NA,NA,NA,NA,NA,NA
"CooperCPUE",2005,NA,NA,3.06589445906276,NA,NA,NA,NA,NA,NA,NA,NA,NA
"CooperCPUE",2006,NA,NA,2.8861013988204,NA,NA,NA,NA,NA,NA,NA,NA,NA
"CooperCPUE",2007,NA,NA,2.61151963623745,NA,NA,NA,NA,NA,NA,NA,NA,NA
"CooperCPUE",2008,NA,NA,3.34542956616473,NA,NA,NA,NA,NA,NA,NA,NA,NA
"CooperCPUE",2009,NA,NA,2.76791223503686,NA,NA,NA,NA,NA,NA,NA,NA,NA
"CooperCPUE",2010,NA,NA,3.06246546844989,NA,NA,NA,NA,NA,NA,NA,NA,NA
"CooperCPUE",2011,NA,NA,3.6051591645025,NA,NA,NA,NA,NA,NA,NA,NA,NA
"CooperCPUE",2012,NA,NA,3.37101445941371,NA,NA,NA,NA,NA,NA,NA,NA,NA
"CooperCPUE",2013,NA,NA,2.90815032001741,NA,NA,NA,NA,NA,NA,NA,NA,NA
"CooperCPUE",2014,NA,NA,2.84475101381948,NA,NA,NA,NA,NA,NA,NA,NA,NA
"CooperCPUE",2015,NA,NA,2.69494301155928,NA,NA,NA,NA,NA,NA,NA,NA,NA
"CooperCPUE",2016,NA,NA,3.32913344808091,NA,NA,NA,NA,NA,NA,NA,NA,NA
"CooperCPUE",2017,NA,NA,3.13096073206374,NA,NA,NA,NA,NA,NA,NA,NA,NA
"CooperCPUE",2018,NA,NA,2.69438523628575,NA,NA,NA,NA,NA,NA,NA,NA,NA
"ChsHarborCPUE",2004,NA,NA,2.36344409250434,NA,NA,NA,NA,NA,NA,NA,NA,NA
"ChsHarborCPUE",2005,NA,NA,3.26396800779871,NA,NA,NA,NA,NA,NA,NA,NA,NA
"ChsHarborCPUE",2006,NA,NA,3.49739759271186,NA,NA,NA,NA,NA,NA,NA,NA,NA
"ChsHarborCPUE",2007,NA,NA,2.81266945534211,NA,NA,NA,NA,NA,NA,NA,NA,NA
"ChsHarborCPUE",2008,NA,NA,2.51298454681098,NA,NA,NA,NA,NA,NA,NA,NA,NA
"ChsHarborCPUE",2009,NA,NA,2.12844160519159,NA,NA,NA,NA,NA,NA,NA,NA,NA
"ChsHarborCPUE",2010,NA,NA,2.1926363180428,NA,NA,NA,NA,NA,NA,NA,NA,NA
"ChsHarborCPUE",2011,NA,NA,2.88920937574898,NA,NA,NA,NA,NA,NA,NA,NA,NA
"ChsHarborCPUE",2012,NA,NA,3.2129645320477,NA,NA,NA,NA,NA,NA,NA,NA,NA
"ChsHarborCPUE",2013,NA,NA,1.7846006285172,NA,NA,NA,NA,NA,NA,NA,NA,NA
"ChsHarborCPUE",2014,NA,NA,2.2686219855609,NA,NA,NA,NA,NA,NA,NA,NA,NA
"ChsHarborCPUE",2015,NA,NA,2.37653172373854,NA,NA,NA,NA,NA,NA,NA,NA,NA
"ChsHarborCPUE",2016,NA,NA,2.95110094112065,NA,NA,NA,NA,NA,NA,NA,NA,NA
"ChsHarborCPUE",2017,NA,NA,2.7318541576362,NA,NA,NA,NA,NA,NA,NA,NA,NA
"ChsHarborCPUE",2018,NA,NA,2.55760305916582,NA,NA,NA,NA,NA,NA,NA,NA,NA
"WandoCPUE",2004,NA,NA,3.60104859792633,NA,NA,NA,NA,NA,NA,NA,NA,NA
"WandoCPUE",2005,NA,NA,3.81446029687348,NA,NA,NA,NA,NA,NA,NA,NA,NA
"WandoCPUE",2006,NA,NA,3.25879480548321,NA,NA,NA,NA,NA,NA,NA,NA,NA
"WandoCPUE",2007,NA,NA,3.22114617139872,NA,NA,NA,NA,NA,NA,NA,NA,NA
"WandoCPUE",2008,NA,NA,2.80872806843527,NA,NA,NA,NA,NA,NA,NA,NA,NA
"WandoCPUE",2009,NA,NA,2.6178802011763,NA,NA,NA,NA,NA,NA,NA,NA,NA
"WandoCPUE",2010,NA,NA,3.27212850128921,NA,NA,NA,NA,NA,NA,NA,NA,NA
"WandoCPUE",2011,NA,NA,3.07355860676966,NA,NA,NA,NA,NA,NA,NA,NA,NA
"WandoCPUE",2012,NA,NA,3.09037818911867,NA,NA,NA,NA,NA,NA,NA,NA,NA
"WandoCPUE",2013,NA,NA,2.42993842098576,NA,NA,NA,NA,NA,NA,NA,NA,NA
"WandoCPUE",2014,NA,NA,2.76356187660485,NA,NA,NA,NA,NA,NA,NA,NA,NA
"WandoCPUE",2015,NA,NA,2.22723824796624,NA,NA,NA,NA,NA,NA,NA,NA,NA
"WandoCPUE",2016,NA,NA,2.72154348263411,NA,NA,NA,NA,NA,NA,NA,NA,NA
"WandoCPUE",2017,NA,NA,2.47254033040882,NA,NA,NA,NA,NA,NA,NA,NA,NA
"WandoCPUE",2018,NA,NA,3.16479738068727,NA,NA,NA,NA,NA,NA,NA,NA,NA
"SumCPUE",2004,NA,NA,10.747192106488,NA,NA,NA,NA,NA,NA,NA,NA,NA
"SumCPUE",2005,NA,NA,12.8981441112377,NA,NA,NA,NA,NA,NA,NA,NA,NA
"SumCPUE",2006,NA,NA,12.1338915849642,NA,NA,NA,NA,NA,NA,NA,NA,NA
"SumCPUE",2007,NA,NA,11.0461562885115,NA,NA,NA,NA,NA,NA,NA,NA,NA
"SumCPUE",2008,NA,NA,11.1098451084037,NA,NA,NA,NA,NA,NA,NA,NA,NA
"SumCPUE",2009,NA,NA,9.13641474474438,NA,NA,NA,NA,NA,NA,NA,NA,NA
"SumCPUE",2010,NA,NA,10.419864632824,NA,NA,NA,NA,NA,NA,NA,NA,NA
"SumCPUE",2011,NA,NA,11.9194563715625,NA,NA,NA,NA,NA,NA,NA,NA,NA
"SumCPUE",2012,NA,NA,12.628601275467,NA,NA,NA,NA,NA,NA,NA,NA,NA
"SumCPUE",2013,NA,NA,9.7165017951939,NA,NA,NA,NA,NA,NA,NA,NA,NA
"SumCPUE",2014,NA,NA,9.92804107218632,NA,NA,NA,NA,NA,NA,NA,NA,NA
"SumCPUE",2015,NA,NA,9.52964168516965,NA,NA,NA,NA,NA,NA,NA,NA,NA
"SumCPUE",2016,NA,NA,11.6039226341641,NA,NA,NA,NA,NA,NA,NA,NA,NA
"SumCPUE",2017,NA,NA,11.1246309290046,NA,NA,NA,NA,NA,NA,NA,NA,NA
"SumCPUE",2018,NA,NA,10.9833855443919,NA,NA,NA,NA,NA,NA,NA,NA,NA
"MeanCPUE",2004,NA,NA,2.68679802662199,NA,NA,NA,NA,NA,NA,NA,NA,NA
"MeanCPUE",2005,NA,NA,3.22453602780943,NA,NA,NA,NA,NA,NA,NA,NA,NA
"MeanCPUE",2006,NA,NA,3.03347289624104,NA,NA,NA,NA,NA,NA,NA,NA,NA
"MeanCPUE",2007,NA,NA,2.76153907212786,NA,NA,NA,NA,NA,NA,NA,NA,NA
"MeanCPUE",2008,NA,NA,2.77746127710092,NA,NA,NA,NA,NA,NA,NA,NA,NA
"MeanCPUE",2009,NA,NA,2.28410368618609,NA,NA,NA,NA,NA,NA,NA,NA,NA
"MeanCPUE",2010,NA,NA,2.60496615820601,NA,NA,NA,NA,NA,NA,NA,NA,NA
"MeanCPUE",2011,NA,NA,2.97986409289064,NA,NA,NA,NA,NA,NA,NA,NA,NA
"MeanCPUE",2012,NA,NA,3.15715031886675,NA,NA,NA,NA,NA,NA,NA,NA,NA
"MeanCPUE",2013,NA,NA,2.42912544879848,NA,NA,NA,NA,NA,NA,NA,NA,NA
"MeanCPUE",2014,NA,NA,2.48201026804658,NA,NA,NA,NA,NA,NA,NA,NA,NA
"MeanCPUE",2015,NA,NA,2.38241042129241,NA,NA,NA,NA,NA,NA,NA,NA,NA
"MeanCPUE",2016,NA,NA,2.90098065854103,NA,NA,NA,NA,NA,NA,NA,NA,NA
"MeanCPUE",2017,NA,NA,2.78115773225116,NA,NA,NA,NA,NA,NA,NA,NA,NA
"MeanCPUE",2018,NA,NA,2.74584638609797,NA,NA,NA,NA,NA,NA,NA,NA,NA
