1,2,3,4,5,6,7,8,9,10,11,12,13,14,15,16,17,18,19,20,21,22,23,24,25,26,27,28,29,30,31,32,33,34,35,36,37,38,39,40,41,42,43,44,45,46,47,48,49,50,51,52,53,54,55,56,57,58,59,60,61,62,63,64,65,66,67,68,69,70,71,72,73,74,75,76,77,78,79,80,81,82,83,84,85,86,87,88,89,90,91,92,93,94,95,96,97,98
Year,ChasCity_WinterPrecip,ChasCity_SpringPrecip,ChasCity_SummerPrecip,ChasCity_FallPrecip,ChasCity_AnnualPrecip,ChasCity_MeanAnnualDailyPrecip,ChasCity_MeanAnnualMonthlyPrecip,CustomsHouse_MeanAnnualTemp_WaterYr,CustomsHouse_MeanAnnualTemp_CalendarYr,MeanCooperCSIRaw,MeanAshleyCSIRaw,MeanAnnualWandoCSI,AshleyCSI_April_12mo,AshleyCSI_April24mo,AshleyCSI_WaterYear,AshleyCSI_Winter,CooperCSI_April_12mo,CooperCSI_April24mo,CooperCSI_WaterYear,CooperCSI_Winter,WandoCSI_April_12mo,WandoCSI_April24mo,WandoCSI_WaterYear,WandoCSI_Winter,B90_SpotSal,B90_SpotTemp,B90_JuvCPUE,B90_SubadultCPUE,B90_AdultCPUE,B90_MatureFemaleCPUE,B90_ImmatureFemaleCPUE,B90_CPUE,E98_SpotSal,E98_JuvCPUE,E98_SubadultCPUE,E98_AdultCPUE,E98_CPUE,E99_SpotSal,E99_JuvCPUE,E99_SubadultCPUE,E99_AdultCPUE,E99_CPUE,T38_SpotSal,T38_SpotTemp,T38_JuvCPUE,T38_SubadultCPUE,T38_AdultCPUE,T38_MatureFemaleCPUE,T38_ImmatureFemaleCPUE,T38_CPUE,P88_SpotSal,P88_SpotTemp,P88_CPUE,T06_SpotSal,T06_SpotTemp,T06_CPUE,S16_SpotSal,S16_SpotTemp,S16_CPUE,AshleyLandings,CooperLandings,ChsHarborLandings,WandoLandings,SumLandings,MeanLandings,AshleyLandingsCPUE,CooperLandingsCPUE,ChsHarborLandingsCPUE,WandoLandingsCPUE,SumLandingsCPUE,MeanLandingsCPUE,ENSO_DJ,ENSO_JF,ENSO_FM,ENSO_MA,ENSO_AM,ENSO_MJ,ENSO_JJ,ENSO_JA,ENSO_AS,ENSO_SO,ENSO_ON,ENSO_ND,ENSO,ONI_DJF,ONI_JFM,ONI_FMA,ONI_MAM,ONI_AMJ,ONI_MJJ,ONI_JJA,ONI_JAS,ONI_ASO,ONI_SON,ONI_OND,ONI_NDJ,ONI
1972,10.89,10.31,11.42,8.11,40.73,3.22,3.7,,,,,,,,,,,,,,,,,,,,,,,,,,,,,,,,,,,,,,,,,,,,,,,,,,,,,,,48995.45455,NA,48995.45455,48995.45455,,,,,,,,,,,,,,,,,,,,-0.7,-0.4,0.1,0.4,0.7,0.9,1.1,1.4,1.6,1.8,2.1,2.1,0.925
1973,14.31,9.95,29.98,6.52,60.76,4.52,5.06,,,,,,,,,,,,,,,,,,,,,,,,,,,,,,,,,,,,,,,,,,,,,,,,,,,,,,,61153.58333,NA,61153.58333,61153.58333,,,,,,,,,,,,,,,,,,,,1.8,1.2,0.5,-0.1,-0.5,-0.9,-1.1,-1.3,-1.5,-1.7,-1.9,-2,-0.625
1974,7.06,7.51,10.39,13.74,38.7,3.09,3.52,,,,,,,,,,,,,,,,,,,,,,,,,,,,,,,,,,,,,,,,,,,,,,,,,,,,,,,30678.16667,45800,76478.16667,38239.08333,,,,,,,,,,,,,,,,,,,,-1.8,-1.6,-1.2,-1,-0.9,-0.8,-0.5,-0.4,-0.4,-0.6,-0.8,-0.6,-0.883333333
1975,9.21,10.58,14.15,4.39,38.33,2.89,3.19,,,,,,,,,,,,,,,,,,,,,,,,,,,,,,,,,,,,,,,,,,,,,,,,,,,,,,,14362.63636,NA,14362.63636,14362.63636,,,,,,,,,,,,,,,,,,,,-0.5,-0.6,-0.7,-0.7,-0.8,-1,-1.1,-1.2,-1.4,-1.4,-1.6,-1.7,-1.058333333
1976,8.79,16.01,13.49,13.02,51.31,5.53,4.28,,,,,,,,,,,,,,,,,,,,,,,,,,,,,,,,,,,,,,,,,,,,,,,,,,,,,,,5525.1,NA,5525.1,5525.1,,,,,,,,,,,,,,,,,,,,-1.6,-1.2,-0.7,-0.5,-0.3,0,0.2,0.4,0.6,0.8,0.9,0.8,-0.05
1977,9.56,7.81,15.76,8.9,42.03,5.01,3.5,,,,,,,,,,,,,,,,,,,,,,,,,,,,,,,,,,,,,,,,,,,,,,,,,,,,,,,23290.4,NA,23290.4,23290.4,,,,,,,,,,,,,,,,,,,,0.7,0.6,0.3,0.2,0.2,0.3,0.4,0.4,0.6,0.7,0.8,0.8,0.5
1978,8.99,10.06,16.23,9.9,45.18,3.03,3.77,,,,,,,,,,,,,,,,,,,,,,,,,,,,,,,,,,,,,,,,,,,,,,,,,,,,,,,34092.83333,972.25,35065.08333,17532.54167,,,,,,,,,,,,,,,,,,,,0.7,0.4,0.1,-0.2,-0.3,-0.3,-0.4,-0.4,-0.4,-0.3,-0.1,0,-0.1
1979,11.39,12.11,10.5,15.16,49.16,2.91,4.1,,,,,,,,,,,,,,,,,,,,,,,,,,,,,,,,,,,,,,,,,,,,,,,,,,,,,,,35152,22643,57795,28897.5,,,,,,,0.47,0.26,-0.08,0.2,0.27,-0.15,-0.14,0.44,0.38,0.24,0.52,0.65,0.255,0,0.1,0.2,0.3,0.2,0,0,0.2,0.3,0.5,0.5,0.6,0.241666667
1980,8.2,15.51,9.87,7.36,40.94,2.42,3.41,,,,,,,,,,,,,,,,,,21.96114268,19.49559659,0.225281897,0.516251095,0.426618007,0.227418028,0.463908084,1.163618971,,,,,,,,,,,15.71524476,27.41779201,1.182077922,2.061038961,0.765454545,0.161038961,1.837922078,4.008571429,,,,,,,,,,,,12855.41667,29520.54545,42375.96212,21187.98106,,,,,,,0.35,0.19,0.41,0.59,0.55,0.62,0.62,0.15,0.2,0.09,-0.03,-0.06,0.306666667,0.6,0.5,0.3,0.4,0.5,0.5,0.3,0,-0.1,0,0.1,0,0.258333333
1981,8.85,8.24,18.78,4.5,40.37,5.36,3.36,,,,,,,,,,,,,,,,,,24.19097222,19.55202381,0.997661012,2.430595342,2.435336523,2.235901184,1.837522914,5.859872321,,,,,,,,,,,17.24333333,27.53884959,0.474078947,2.234210526,0.684429825,0.04,1.045789474,3.392719298,,,,,,,,,,,,13015.91667,29558.66667,42574.58333,21287.29167,,,,,,,-0.33,-0.24,0.33,0.41,-0.27,-0.6,-0.51,-0.31,-0.01,-0.1,-0.22,-0.16,-0.1675,-0.3,-0.5,-0.5,-0.4,-0.3,-0.3,-0.3,-0.2,-0.2,-0.1,-0.2,-0.1,-0.283333333
1982,9.24,8.76,16.96,7.55,42.51,2.66,3.86,,,,,,,,,,,,,,,,,,20.45575397,19.73560847,0.313705723,0.506836445,0.332642996,0.225334879,0.445771387,1.149579104,,,,,,,,,,,12.07371795,27.83685896,4.400641026,6.615384615,1.743589764,0.173076923,3.903846154,12.75961538,,,,,,,,,,,,7916.833333,20521,28437.83333,14218.91667,,,,,,,-0.38,-0.47,-0.28,-0.34,-0.03,0.78,1.79,2.02,1.81,1.93,2.28,2.48,0.965833333,0,0.1,0.2,0.5,0.7,0.7,0.8,1.1,1.6,2,2.2,2.2,1.008333333
1983,14.29,14.7,8.04,11.35,48.38,4.15,4.03,,,,,,,,,,,,,,,,,,21.31035354,19.52793561,2.603951439,1.133329224,0.959436422,0.604503759,2.375738918,4.69389658,,,,,,,,,,,14.92380952,26.63634901,1.986825397,2.477777778,1.072380952,0.179365079,2.067301587,5.536984127,,,,,,,,,,,,28331.41667,13784,42115.41667,21057.70833,,,,,,,2.57,2.74,2.68,2.79,2.89,2.02,0.75,-0.11,-0.41,-0.43,-0.43,-0.43,1.219166667,2.2,1.9,1.5,1.3,1.1,0.7,0.3,-0.1,-0.5,-0.8,-1,-0.9,0.475
1984,10.4,13.77,12.02,5.78,41.97,0.49,3.5,,,,,,,,,,,,,,,,,,21.390955,20.36587302,2.653470102,5.402667441,2.880002933,2.283457242,4.97707923,10.93327987,,,,,,,,,,,14.06333333,26.91744454,2.951919192,3.744747475,1.052828283,0.136666667,2.846767677,7.749494949,,,,,,,,,,,,21865.33333,17630.16667,39495.5,19747.75,,,,,,,-0.5,-0.52,-0.11,0.09,-0.47,-0.72,-0.31,-0.15,-0.11,-0.15,-0.58,-0.31,-0.32,-0.6,-0.4,-0.3,-0.4,-0.5,-0.4,-0.3,-0.2,-0.2,-0.6,-0.9,-1.1,-0.491666667
1985,3.45,4.83,25.05,8.95,42.28,0.64,3.52,,,,,,,,,,,,,,,,,,23.96688312,20.79631944,3.786729714,1.880357017,2.114983546,1.117870066,3.440930296,7.778943611,,,,,,,,,,,20.41025641,27.85474351,0.361538462,1.302680653,0.323543124,0.045454545,0.804545455,1.987762238,,,,,,,,,,,,21067.41667,8328.333333,29395.75,14697.875,,,,,,,-0.25,-0.58,-0.6,-0.76,-1.22,-0.57,-0.02,-0.37,-0.44,-0.04,0,-0.34,-0.4325,-1,-0.8,-0.8,-0.8,-0.8,-0.6,-0.5,-0.5,-0.4,-0.3,-0.3,-0.4,-0.6
1986,10.66,5.11,16.72,9.83,42.32,4.95,3.53,,,25.242064,,,,,,,,,,,,,,,24.93296958,20.58627315,2.263747225,7.494602928,3.696948961,2.827114268,4.532629244,13.54397282,,,,,,,,,,,19.11333333,28.30052397,0.17047619,3.36,1.263809524,0.057619048,0.66952381,4.794285714,,,,,,,,,,,,37058.16667,14180.08333,51238.25,25619.125,,,,,,,-0.36,-0.3,-0.39,-0.52,-0.18,0.12,0.56,1.05,1.31,0.57,0.65,1.06,0.2975,-0.5,-0.5,-0.3,-0.2,-0.1,0,0.2,0.4,0.7,0.9,1.1,1.2,0.241666667
1987,11.94,7.79,12.55,20.05,52.33,1.51,4.36,,,25.31173989,,,,,,,,,0.134508566,1.355244921,,,,,25.56834795,19.80396617,3.373737723,5.078770835,7.448543662,6.224596264,3.930512205,15.89781146,,,,,,,,,,,18.42058824,28.31509225,1.797435899,5.07043737,1.404675716,0.194720965,2.961387632,8.27254902,,,,,,,,,,,,57869.58333,5787.416667,63657,31828.5,,,,,,,0.98,1.08,1.47,1.66,1.91,2.02,1.92,1.48,1.23,1.13,0.85,0.75,1.373333333,1.2,1.2,1.1,0.9,1,1.2,1.5,1.7,1.6,1.5,1.3,1.1,1.275
1988,2.87,7.33,11.8,16.29,38.29,1.01,3.19,,,27.23567079,,,,,,,-0.875695346,,-1.682817692,-1.093435267,,,,,25.32893519,19.52793771,2.549273845,5.961952473,3.995690319,3.540600869,4.875822122,12.50364337,,,,,,,,,,,17.29880193,27.31225518,2.200370218,2.600467914,0.422783834,0.019230769,2.350452489,5.223621966,,,,,,,,,,,,76971.58333,9694.363636,86665.94697,43332.97348,,,,,,,0.59,0.31,0.19,-0.01,-0.36,-1.19,-1.77,-1.79,-1.77,-1.54,-1.61,-1.49,-0.87,0.8,0.5,0.1,-0.3,-0.9,-1.3,-1.3,-1.1,-1.2,-1.5,-1.8,-1.8,-0.816666667
1989,7.33,8.75,22.44,17.93,56.45,3.71,4.7,,,26.30778427,,,,,,,-1.736732235,-1.663901485,-1.77915891,-1.494920774,,,,,22.30762987,19.47022607,5.321034207,3.679890384,2.887446624,2.677861817,5.390346296,11.88511532,,,,,,,,,,,17.271875,27.23225958,3.155416667,2.828541667,0.782291667,0.166666667,2.906041667,6.76625,,,,,,,,,,,,68658.58333,8474.166667,77132.75,38566.375,,,,,,,-1.09,-1.06,-1.2,-1.09,-1.04,-1.02,-1.12,-0.73,-0.61,-0.56,-0.33,-0.02,-0.8225,-1.7,-1.4,-1.1,-0.8,-0.6,-0.4,-0.3,-0.3,-0.2,-0.2,-0.2,-0.1,-0.608333333
1990,7.32,4.48,31.8,10.41,54.01,2.37,4.5,,,25.44062949,,,,,,,-0.515155257,-1.440512195,-0.512363828,0.278069561,,,,,24.9026425,21.38394811,3.280631088,2.523694062,1.989685504,1.073221904,3.230790161,7.79091461,,,,,,,,,,,16.84045584,27.04107315,1.179962014,1.658357075,0.45631529,0.102801519,1.366096866,3.294634378,,,,,,,,,,,,81699.83333,2976.75,84676.58333,42338.29167,,,,,,,0.12,0.43,0.61,0.17,0.03,0.04,0.17,0.06,0.21,-0.06,0.12,0.28,0.181666667,0.1,0.2,0.3,0.3,0.3,0.3,0.3,0.4,0.4,0.3,0.4,0.4,0.308333333
1991,10.02,11.02,13.55,11.01,45.6,1.87,3.8,,,24.03545964,,,,,,,0.158258837,-0.237778165,1.072651545,0.638168039,,,,,22.74134997,21.31261891,3.035089485,3.181346248,1.656443111,1.190601734,3.415655995,7.870023728,,,,,,,,,,,8.061742424,27.77765158,0.9375,3.241666667,0.6625,0.075,1.5375,4.841666667,,,,,,,,,,,,82034.91667,11902,93936.91667,46968.45833,,,,,,,0.16,0.08,0.21,0.21,0.35,0.89,0.88,0.42,0.62,1.09,1.17,1.29,0.614166667,0.4,0.3,0.2,0.3,0.5,0.6,0.7,0.6,0.6,0.8,1.2,1.5,0.641666667
1992,9.06,7.4,24.77,16.64,57.87,1.18,4.82,,,23.29289561,,,,,,,-0.044358668,0.061982115,0.80499839,-0.134737652,,,,,24.67083333,20.12222222,3.192385103,8.208187838,8.692348043,8.198996989,6.739848337,20.09015208,,,,,,,,,,,10.86819853,28.38380504,1.058639706,3.581066176,0.867279412,0.276102941,1.825919118,5.506985294,,,,,,,,,,,,69565.75,16632.08333,86197.83333,43098.91667,,,,,,,1.7,1.59,1.72,1.98,1.69,1.58,0.76,0.08,0.5,0.81,0.73,0.78,1.16,1.7,1.6,1.5,1.3,1.1,0.7,0.4,0.1,-0.1,-0.2,-0.3,-0.1,0.641666667
1993,9.33,10.73,7.03,9.54,36.63,1.64,3.05,,,26.34154806,,,,,,,1.524214578,0.91020652,-0.309247639,0.835352967,,,,,22.21158009,20.49120581,2.463647285,4.515128384,1.739100039,1.44632581,4.049144706,8.715027624,,,,,,,,,,,12.71825397,28.42658723,2.320436508,2.383928575,0.789682536,0.200396825,2.380952381,5.494047619,,,,,,,,,,,,50316.08333,13979.41667,64295.5,32147.75,,,,,,,0.83,0.93,0.78,0.98,1.48,1.5,0.91,0.62,0.64,0.95,0.7,0.26,0.881666667,0.1,0.3,0.5,0.7,0.7,0.6,0.3,0.3,0.2,0.1,0,0.1,0.325
1994,7.54,2.41,25.2,19.18,54.33,3.77,4.53,,,25.1297908,,,,,,,-1.709021771,-0.187746473,-0.929306535,-1.006558882,,,,,22.01040904,20.72049374,4.659624046,7.508564095,3.242070921,2.437795397,6.908767503,15.40750389,,,,,,,,,,,15.91170635,27.42662057,2.388888889,4.960648148,0.900462963,0.104166667,2.856481481,8.25,,,,,,,,,,,,92410.91667,22631.25,115042.1667,57521.08333,,,,,,,0.02,-0.17,-0.21,0.03,0,0.25,0.88,0.84,1.06,1.47,0.99,0.87,0.5025,0.1,0.1,0.2,0.3,0.4,0.4,0.4,0.4,0.6,0.7,1,1.1,0.475
1995,4.66,4.31,21.41,11.75,42.13,1.16,3.51,,,22.98362988,,,,,,,0.656522869,-0.706956147,1.315110334,0.777624593,,,,,23.95767196,20.52684854,1.754516024,2.508236219,1.410730829,1.003451475,2.288990198,5.670893849,,,,,,,,,,,14.16150327,28.68059466,1.107058824,2.368300654,1.317058824,0.063529412,1.432745098,4.792418301,,,,,,,,,,,,83781,19060.25,102841.25,51420.625,,,,,,,0.77,0.48,0.14,0.18,0.16,0,-0.25,-0.65,-0.86,-0.65,-0.67,-0.82,-0.180833333,1,0.7,0.5,0.3,0.1,0,-0.2,-0.5,-0.8,-1,-1,-1,-0.158333333
1996,4.6,6.06,9.39,10.17,30.22,2.27,2.52,24.30  ,17.22  ,24.21974507,,,,,,,1.150654236,1.130193119,0.590284438,0.399032583,,,,,24.67460317,19.41097222,5.427508825,8.51979607,6.337436666,6.490793766,7.001557999,20.2825631,,,,,,,,,,,18.24465812,29.19444442,3.733974359,4.995726496,1.030982906,0.174145299,3.74465812,9.760683761,,,,,,,,,,,,57685.91667,17231.36364,74917.2803,37458.64015,,,,,,,-0.83,-0.81,-0.64,-0.69,-0.83,-0.9,-0.76,-0.6,-0.26,-0.31,-0.3,-0.45,-0.615,-0.9,-0.8,-0.6,-0.4,-0.3,-0.3,-0.3,-0.3,-0.4,-0.4,-0.4,-0.5,-0.466666667
1997,6.65,10.24,19.91,15.31,52.11,1.61,4.34,20.35  ,20.40  ,23.25819837,,19.97793158,,,,,0.539027383,1.055208047,0.882470833,0.210275251,,,,,24.74345238,20.72351852,3.895550336,4.411453686,1.606427524,1.304990127,4.821132159,9.911642163,,,,,,,,,,,13.0010084,28.2997282,1.93394958,3.830238095,2.110434174,0.318053221,2.740364146,7.874621849,,,,,,,,,,,,65621.83333,17455.09091,83076.92424,41538.46212,,,,,,,-0.66,-0.72,-0.29,0.17,0.68,2.25,2.11,2.2,2.17,2.01,2.06,2.03,1.1675,-0.5,-0.4,-0.1,0.3,0.8,1.2,1.6,1.9,2.1,2.3,2.4,2.4,1.166666667
1998,16.42,11.22,11.32,13.18,52.14,3.44,4.35,20.59  ,21.20  ,22.65146908,,19.54566074,,,,,2.331157354,1.78349392,2.198136726,2.559200952,3.096035441,,2.716474459,,23.3405754,21.32322421,0.635371066,1.390833543,0.871695777,0.521165192,1.099375257,2.895548214,,,,,,,,,,,15.46924603,29.92120925,3.700081699,6.605800654,1.777287582,0.466911765,3.607107843,12.08316993,,,,,,,,,,,,55335.91667,12853.18182,68189.09848,34094.54924,,,,,,,2.23,2.43,2.27,2.55,2.26,0.37,-1.42,-1.74,-1.31,-1.21,-1.3,-1.25,0.323333333,2.2,1.9,1.4,1,0.5,-0.1,-0.8,-1.1,-1.3,-1.4,-1.5,-1.6,-0.066666667
1999,7.11,5.47,8.37,15.22,36.17,1.93,3.01,20.38  ,19.93  ,23.84168702,,21.4640074,,,,,0.355795763,1.663622795,0.250255047,-0.597130781,0.715562848,2.454200673,0.372144266,1.935672773,24.99632937,21.11677579,1.435715649,3.132581048,1.508673914,1.095888657,2.68714695,6.074371726,30.86538462,0.278706731,2.229653846,1.672240385,4.18060211,27.21388889,0.28180355,0.483091756,0.2415459,1.006441249,20.19907886,29.49571366,3.188258147,6.87125806,2.880270413,0.346752226,5.023169031,12.93978668,,,,,,,,,,,,57644.16667,23198,80842.16667,40421.08333,,,,,,,-1.26,-1.18,-1.11,-1.17,-1.36,-1.26,-1.19,-1.07,-1.17,-1.31,-1.33,-1.43,-1.236666667,-1.5,-1.3,-1.1,-1,-1,-1,-1.1,-1.1,-1.2,-1.3,-1.5,-1.7,-1.233333333
2000,6.14,3.63,9.74,8.12,27.63,1.79,2.3,20.20  ,19.73  ,24.58383512,,21.55891929,,,,,0.94729876,0.811203124,0.806837712,0.969183979,0.858051388,1.08879156,1.158690732,1.005362344,24.6400463,20.58969907,0.651675003,3.363623467,4.313552805,3.638085242,2.521130461,9.658995833,31.87095238,5.755885481,7.457250217,5.22783023,18.57515801,27.96047138,6.298491902,1.838432517,0.375738,8.512662875,19.24084596,30.25155303,3.275678056,5.101923794,2.162796751,0.382729469,3.919442719,10.54039855,,,,,,,,,,,,64392,18268.18182,82660.18182,41330.09091,,,,,,,-1.26,-1.27,-1.36,-0.93,-0.97,-1.14,-0.58,-0.08,-0.36,-0.55,-0.91,-0.8,-0.850833333,-1.7,-1.4,-1.1,-0.8,-0.7,-0.6,-0.6,-0.5,-0.5,-0.6,-0.7,-0.7,-0.825
2001,4.9,8.27,18.65,4.56,36.38,2.56,3.31,19.63  ,20.45  ,25.87672044,,23.63506113,,,,,0.079124293,0.634065847,-0.252065787,-0.394163794,0.156051871,0.735131367,-0.469492157,0.50475238,27.90197025,20.53237526,4.881045129,8.907989704,13.17016945,9.84150498,8.715683313,26.95724314,26.26524217,0,2.374168889,2.332878746,4.707048158,26.596337,0,0.086266393,3.284758341,3.371025114,21.69017094,29.11960477,1.245726496,3.136752137,0.58707265,0.0625,1.901175214,4.969551282,,,,,,,,,,,,76517.41667,25301.5,101818.9167,50909.45833,,,,,,,-0.82,-0.87,-0.79,-0.61,-0.58,-0.71,-0.02,0.34,-0.07,-0.25,-0.32,0.02,-0.39,-0.7,-0.5,-0.4,-0.3,-0.3,-0.1,-0.1,-0.1,-0.2,-0.3,-0.3,-0.3,-0.3
2002,9.15,6.88,18.94,18.17,53.14,4.76,4.43,20.13  ,19.58  ,25.09767934,,23.07330019,,,,,-1.275163856,-0.775747287,-1.008119764,-1.659524553,-1.241038846,-0.589350209,-1.191797732,-1.074427306,28.68055556,20.96666667,0.327685458,1.277158,0.691417647,0.430741667,1.060842974,2.296105556,31.99189394,1.474370909,3.219304886,0.878348636,5.572024733,31.11369048,0.0805153,0.301932292,0.694444397,1.076892116,22.24444444,29.2480557,1.6031746,3.459523889,1.165079372,0.180555556,2.233333333,6.227777778,,,,,,,,,,,,63637.5,17402.6,81040.1,40520.05,,,,,,,0.07,-0.26,-0.2,-0.36,-0.1,0.4,0.42,0.97,0.84,0.79,0.76,0.86,0.349166667,-0.1,0,0.1,0.2,0.4,0.7,0.8,0.9,1,1.2,1.3,1.1,0.633333333
2003,5.21,15.17,14.58,6.64,41.6,2.18,3.47,20.08  ,20.25  ,23.20125201,,21.159748,,,,,0.951234357,-0.243340852,1.542335112,0.488850328,0.627811562,-0.303361933,1.372589716,0.088101416,29.01388889,20.00972222,0.375,1.770833333,3.993055556,3.694444444,1.541666667,6.138888889,22.42296296,2.673107889,4.945428296,2.168545222,9.787081896,22.29365079,0.517598357,0.690131111,0.460087389,2.012882475,10.86388889,28.41900013,0.531666667,1.230555556,0.603333333,0.04,0.782222222,2.365555556,20.16666667,20.5,16.879754,,,,,,,4305.5,6618.5,31129.75,4975.25,47029,11757.25,,,,,,,0.8,0.62,0.53,-0.08,-0.57,-0.07,0.01,0.01,0.14,0.26,0.29,0.1,0.17,0.9,0.6,0.4,0,-0.3,-0.2,0.1,0.2,0.3,0.3,0.4,0.4,0.258333333
2004,5.5,6.35,21,8.16,41.01,1.2,3.42,20.36  ,20.47  ,24.79757078,,22.18522483,,,,,0.543647934,0.933427381,-0.023579186,-0.157698704,0.233975174,0.641821709,-0.233877069,1.007827473,27.22152778,20.4562037,4.130611935,11.38067721,4.245655651,2.679713805,2.80916807,19.75694444,24.74625668,2.499418538,14.13753852,7.220542455,23.85750095,28.51837607,0.640462598,0.999787038,1.760408125,3.400658117,19.12612943,28.12576935,2.713675214,3.947191697,1.842857143,0.239010989,3.138156288,8.725946276,19.14285714,23.08571429,114.3237293,,,,,,,10195.7475,18718.77778,12247.50167,7478.575,48640.60194,12160.15049,2.330669865,2.452029551,2.363444093,3.601048598,10.74719211,2.686798027,0.16,-0.04,-0.44,-0.23,-0.44,-0.34,0.43,0.74,0.54,0.34,0.51,0.51,0.145,0.4,0.3,0.2,0.2,0.2,0.3,0.5,0.6,0.7,0.7,0.7,0.7,0.458333333
2005,6.19,14.83,14.79,12.52,48.33,2.64,4.03,20.14  ,20.09  ,24.46767947,14.24097141,21.42779804,,,,,0.081683414,0.383968096,0.208529421,-0.565678448,0.654939014,0.658682233,0.991733052,0.631486256,25.5625,21.1625,6.103115083,6.407519917,1.435198408,0.88,7.169404762,13.94583333,22.31444444,2.657004722,6.534599639,5.658824806,14.85042995,26.66666667,0.268384333,1.778046069,0.805152926,2.851583494,11.77403846,29.97516023,1.293269231,2.178685897,0.586538462,0.153044872,1.362980769,4.05849359,20.33333333,21.55,65.96144796,,,,,,,6530.132727,14937.52,12951.02333,9602.5,44021.17606,11005.29402,2.753821348,3.065894459,3.263968008,3.814460297,12.89814411,3.224536028,0.08,0.61,0.82,0.13,0.18,0.2,-0.02,-0.01,-0.05,-0.71,-0.75,-0.73,-0.020833333,0.6,0.6,0.4,0.4,0.3,0.1,-0.1,-0.1,-0.1,-0.3,-0.6,-0.8,0.033333333
2006,6.36,4.34,13.9,8.66,33.26,1.99,2.77,20.87  ,20.74  ,25.26679585,16.50673024,23.05176471,0.227325272,,-0.610129259,0.065921727,0.559857976,0.394115433,-0.06366859,0.544152117,0.522492613,0.840514663,-0.109506989,0.944543332,26.07083333,22.09875,7.45158836,5.684793803,1.962102686,1.156239664,7.546071795,15.09848485,31.01388889,1.207729306,2.32396428,2.555750391,6.087444496,31.12833333,1.416337258,1.827148274,1.28458482,4.528070507,20.84508547,28.49978639,1.195833333,1.300757569,0.593686875,0.06780303,1.249242424,3.090277778,24.83333333,20.95,55.55014446,23.82359068,21.36178172,1.596656406,,,,10142.44667,19140.29091,11126.38583,3998.066667,44407.19008,11101.79752,2.491597788,2.886101399,3.497397593,3.258794805,12.13389158,3.033472896,-0.68,-0.5,-0.61,-0.84,-0.43,-0.23,0.11,0.56,0.63,0.68,0.9,0.59,0.015,-0.8,-0.7,-0.5,-0.3,0,0,0.1,0.3,0.5,0.7,0.9,0.9,0.091666667
2007,7.4,3.22,11.09,10.47,32.18,2.56,2.68,20.69  ,20.98  ,26.20283113,16.83919398,23.98969801,-0.600871831,-0.173389569,-0.628980827,0.466259951,-0.43700579,0.062023302,-0.609638852,0.241173935,-0.577042925,0.060938569,-0.746177008,-0.457626233,28.26309524,22.01404762,3.803229663,4.346304345,1.442479688,0.872124989,4.150455367,9.592013889,29.435,0,4.39723275,3.678408,8.075641489,30.07222222,0.20128825,0,0.20128825,0.4025765,21.49571078,29.32194852,0.438825758,1.084375,0.778219697,0.016666667,0.748863636,2.301420455,25,22.78333333,43.51330637,25.16303224,21.96998516,1.722439093,,,,5782.6075,15092.93333,11355.98333,8474.2,40705.72417,10176.43104,2.400821026,2.611519636,2.812669455,3.221146171,11.04615629,2.761539072,0.62,0.39,-0.22,-0.36,-0.44,-0.86,-0.77,-0.93,-1.1,-1.14,-1.13,-1.22,-0.596666667,0.7,0.3,0,-0.2,-0.3,-0.4,-0.5,-0.8,-1.1,-1.4,-1.5,-1.6,-0.566666667
2008,5.84,8.41,19,16.08,49.33,0.33,4.11,21.01  ,20.54  ,26.50309058,16.02660001,24.03118904,-1.126818652,-0.925774702,-1.146250743,-0.6094845,-1.56107487,-1.278923167,-1.612493116,-1.613750534,-1.805568669,-1.399687131,-1.599751711,-1.728223632,30.43333333,20.38333333,3.488908281,3.927170979,2.615170615,1.681291844,4.504485125,10.03125,32.05833333,0.301932292,1.207729375,0.603864792,2.113526622,32.25111111,0,0,0,0,19.90104167,27.75729168,1.260416667,1.708333333,1.135416667,0.223958333,1.307291667,4.104166667,23,21.9,51.87003437,25.01038569,21.24034981,2.202487118,,,,6629.965833,18145.92727,13701.57667,10854.47818,49331.94795,12332.98699,2.442702927,3.345429566,2.512984547,2.808728068,11.10984511,2.777461277,-1.08,-1.27,-1.54,-1.13,-0.98,-0.86,-0.87,-1.08,-1.07,-1.12,-1.05,-1.05,-1.091666667,-1.6,-1.4,-1.2,-0.9,-0.8,-0.5,-0.4,-0.3,-0.3,-0.4,-0.6,-0.7,-0.758333333
2009,13.23,10.92,15.86,7.74,47.75,10.1,3.98,20.36  ,20.69  ,25.61561437,14.53997577,23.42259575,-0.326029512,-0.777712733,0.388438755,-0.77720278,-0.537652284,-1.341240224,-0.389920737,-0.392867807,-0.615392809,-1.423151642,-0.445272659,-0.938305726,27.95833333,18.69652778,0.285714286,0.876984127,0.698412698,0.396825397,0.694444444,1.861111111,30.82142857,0,0.517598214,0,0.517598356,26.35,0.36231885,0.36231885,0,0.724637699,15.44270833,28.08663215,0.789930556,0.850694444,0.654513889,0.046875,0.678819444,2.295138889,24.5,22.11666667,31.10712204,24.46377306,21.26712879,0.622471894,,,,4424.410833,13537.01818,11924.69333,13642.5,43528.62235,10882.15559,1.622180703,2.767912235,2.128441605,2.617880201,9.136414745,2.284103686,-1.01,-0.85,-0.94,-0.81,-0.72,-0.06,0.49,0.52,0.39,0.56,1.05,0.96,-0.035,-0.8,-0.7,-0.5,-0.2,0.1,0.4,0.5,0.5,0.7,1,1.3,1.6,0.325
2010,9.49,5.86,18.25,6.69,40.29,2.02,3.36,20.73  ,20.48  ,24.99128544,13.31631979,22.73736524,0.606494792,0.189971003,0.46266121,1.518746258,-0.122865327,-0.427886521,-0.059064185,1.218859438,-0.147276711,-0.376624082,-0.145586835,-0.193541279,25.01349206,19.63757143,0.368506494,1.364754708,1.869660877,1.455916306,0.937301587,3.602922078,29.68571429,1.035196429,7.246376429,6.211179643,14.49275385,30.80535714,0.258799179,1.035196679,0.258799179,1.552795035,18.4973545,30.5743591,0.994708995,1.423280423,0.457671958,0.060846561,1.08994709,2.875661376,20.6,22.64,19.28829762,22.10182048,20.90714532,1.258421724,,,,4893.006667,18481.23636,8352.726667,13682.2,45409.1697,11352.29242,1.892634345,3.062465468,2.192636318,3.272128501,10.41986463,2.604966158,0.93,1.28,1.31,0.49,-0.17,-1.33,-2.43,-2.4,-2.28,-2.18,-2.04,-1.91,-0.894166667,1.5,1.3,0.9,0.4,-0.1,-0.6,-1,-1.4,-1.6,-1.7,-1.7,-1.6,-0.466666667
2011,5.52,5.84,10.64,9.5,31.5,0.48,2.63,20.57  ,20.76  ,26.63120313,18.4883356,23.75014086,-0.264089286,0.226685352,-0.995458279,-0.472806635,-0.678040463,-0.517344886,-1.007713402,-0.768847094,-0.751944127,-0.463109274,-0.685601411,-0.665360641,27.87857143,20.14821429,1.071428571,4.854737792,4.161495974,3.882154882,2.717412217,10.08766234,34.14722222,0,1.692650972,3.824476389,5.517127858,31.455,0.724637675,1.449275175,0.36231875,2.536231923,20.90710784,30.27277383,0.898815359,1.098120915,0.674019608,0.086601307,0.779616013,2.670955882,23.66666667,23.6,40.19162949,24.28731786,22.39109315,1.501418722,,,,6913.448,34407.93818,18532.15,13421.8,73275.33618,18318.83405,2.351529225,3.605159165,2.889209376,3.073558607,11.91945637,2.979864093,-1.83,-1.63,-1.79,-1.74,-1.29,-1.08,-0.86,-0.88,-1.16,-1.37,-1.21,-1.24,-1.34,-1.4,-1.1,-0.8,-0.6,-0.5,-0.4,-0.5,-0.7,-0.9,-1.1,-1.1,-1,-0.841666667
2012,6.13,9.11,20.36,3.18,38.78,3.29,3.23,21.37  ,21.28  ,26.40130344,18.21052204,24.15693746,-1.845162097,-1.175940399,-1.393678142,-1.713986104,-1.50616177,-1.393144566,-1.31301908,-1.180443516,-1.310620037,-1.191823058,-1.275975123,-1.19855999,26.825,19.675,1.339423075,1.839323613,0.81875,0.633928571,1.583279655,3.997496684,30.59553571,20.44728938,85.61509353,21.09428915,127.1566613,28.92589286,0,0.744047496,0.226449281,0.970496918,15.02222222,29.73944454,0.344444444,0.788888889,0.216666667,0.027777778,0.577777778,1.35,21.33333333,22.08333333,41.76340781,24.05212629,21.76822737,2.46230477,,,,10499.325,37440.54917,26145.27417,18527.66667,92612.815,23153.20375,2.954244095,3.371014459,3.212964532,3.090378189,12.62860128,3.157150319,-1.08,-0.67,-0.59,-0.43,-0.35,-0.28,0.3,-0.06,-0.32,-0.22,-0.07,-0.07,-0.32,-0.8,-0.6,-0.5,-0.4,-0.2,0.1,0.3,0.3,0.3,0.2,0,-0.2,-0.125
2013,11.24,9.71,20.15,7.8,48.9,1.87,4.08,20.30  ,20.34  ,24.41760284,12.63339799,22.53343816,-0.412573239,-1.251794491,0.521785211,-0.701058872,-0.502552322,-1.284165147,0.205251044,-0.524380048,-0.838916072,-1.245778676,-0.067326062,-1.138460411,23.48819444,19.82479167,1.09375,0.8125,0.263888889,0.277777778,1.236111111,2.170138889,20.05178571,0,4.98188375,4.723085,9.704968947,22.32440476,0,0.625431348,0.345065571,1.143029704,7.373076923,28.86028833,0.453846154,1.020192308,0.727884615,0.100961538,0.503846154,2.201923077,19.16666667,21.68333333,67.42347751,20.19448176,20.77361066,1.338590387,,,,10124.27556,20967.31167,13975.42333,19450.11917,64517.12972,16129.28243,2.593812426,2.90815032,1.784600629,2.429938421,9.716501795,2.429125449,-0.05,-0.07,-0.14,-0.37,-0.71,-1.18,-0.85,-0.5,-0.38,-0.16,-0.18,-0.35,-0.411666667,-0.4,-0.3,-0.2,-0.2,-0.3,-0.3,-0.4,-0.4,-0.3,-0.2,-0.2,-0.3,-0.291666667
2014,6.12,13.64,9.95,4.82,34.53,1.51,3.14,20.25  ,20.65  ,24.97953207,13.53678157,22.80769284,0.639318565,0.155644202,-0.175778586,-0.545383245,0.224467684,-0.188444956,-0.282929724,-0.719654687,-0.135279787,-0.510897842,-0.557254036,0.007794584,19.88888889,19.6906746,0.364583333,0.614583333,0.708333333,0.470238095,0.268849206,1.6875,28.76944444,0,0.603864583,1.006440972,1.610305998,25.37315789,0.190694132,0.190694132,1.697177718,2.078566007,19.11111111,30.13555554,0.244444444,0.6,0.633333333,0.133333333,0.711111111,1.477777778,17.75,20.525,33.29984774,21.67029908,20.56914995,0.588738549,,,,8693.409091,20607.38182,7471.796667,19971.75,56744.33758,14186.08439,2.051106196,2.844751014,2.268621986,2.763561877,9.928041072,2.482010268,-0.51,-0.43,-0.08,-0.16,-0.18,-0.01,0.32,0.16,-0.15,0.07,0.34,0.34,-0.024166667,-0.4,-0.4,-0.2,0.1,0.3,0.2,0.1,0,0.2,0.4,0.6,0.7,0.133333333
2015,9.88,9.3,19.55,28.11,66.84,2.66,5.57,21.01  ,21.05  ,23.6879545,10.23177149,21.52946721,0.964931451,0.946276731,0.99526166,0.90130994,0.245151072,0.286885664,0.070699181,0.256379332,0.025763003,0.033913981,-0.09071944,0.014025472,18.70833333,20.72875,1.020833333,0.650892857,1.49047619,1.010714286,0.966071429,3.180952381,30.475,0.36231875,0.36231875,1.449275,2.173913097,30.42946429,0,0,0,0,16.11666667,30.8648333,0.958333333,2.738333333,2.396666667,0.408333333,2.188333333,6.093333333,14.9,19.81,31.90391999,20.15512693,21.42341573,1.605047227,,,,8790.973333,14895.66667,8551.466667,20807.625,53045.73167,13261.43292,2.230928702,2.694943012,2.376531724,2.227238248,9.529641685,2.382410421,0.23,0.05,0.13,0.35,0.96,1.85,1.73,1.92,2.21,2.11,1.88,1.9,1.276666667,0.6,0.6,0.6,0.8,1,1.2,1.5,1.8,2.1,2.4,2.5,2.6,1.475
2016,7.69,9.98,8.41,16.23,42.31,,3.85,21.55  ,21.30  ,23.98347561,11.91121018,22.16040307,1.701484113,1.533593238,1.566907606,1.593386599,1.117238797,0.84619661,1.350420005,1.503170224,0.653914083,0.526176266,0.743063374,1.005129186,22.03409091,22.03522727,1.056818182,2.227272727,5.965909091,3.988636364,1.75,9.818181818,26.80452489,1.114826923,2.229654231,3.934684321,7.279165881,26.76111111,0.20128825,0.805152833,0.60386475,1.610305998,18.99365079,27.94085705,1.025901883,0.955988448,1.025324681,0.105339105,0.732972583,3.140548341,17.57142857,20.97142857,32.67326143,20.15501182,21.35528161,2.273138556,31.39583333,23.545,16.94267981,13792.53333,22528.53636,12275.66667,21797.08333,70393.8197,17598.45492,2.602144762,3.329133448,2.951100941,2.721543483,11.60392263,2.900980659,1.94,1.81,1.31,1.33,1.26,0.36,-0.51,-0.28,-0.34,-0.6,-0.51,-0.34,0.4525,2.5,2.2,1.7,1,0.5,0,-0.3,-0.6,-0.7,-0.7,-0.7,-0.6,0.358333333
2017,,,,,,,,21.63  ,21.83  ,24.69091052,13.09874233,22.72739683,0.320662228,1.146275108,0.888756059,0.111983296,0.003450029,0.69069577,0.364163838,-0.015268757,-0.103805067,0.443842677,0.257890899,0.212897877,21.625,23.3,1.03125,2.645833333,3.634469698,2.867108587,1.722222222,8.415719697,28.83333333,0,2.840909167,0.603864583,3.444773913,27.76160714,0,0.226449281,0.226449281,0.452898562,15.55238095,27.52161895,2.141564629,1.582244886,1.333605457,0.377619048,1.820680272,5.057414966,20.42857143,20.85714286,34.47886567,20.76268369,21.60052037,2.029875494,25.41944444,21.54185185,15.87911966,10880.66667,26567.75,10091.39583,17506.33333,65046.14583,16261.53646,2.789275709,3.130960732,2.731854158,2.47254033,11.12463093,2.781157732,-0.41,-0.41,-0.58,-0.21,0.17,-0.29,-0.7,-0.77,-0.8,-0.63,-0.63,-0.73,-0.499166667,-0.3,-0.1,0.1,0.3,0.4,0.4,0.2,-0.1,-0.4,-0.7,-0.9,-1,-0.175
2018,,,,,,,,20.91  ,20.78  ,,,,,,,,,,,,,,,,19.45,23.84499993,2.135645604,2.857371875,5.079899167,4.490613553,2.893238706,10.42708333,24.23611111,0.805152778,1.81159375,0.774185556,3.390932798,24.59095238,3.381642467,0.2415459,0.724637567,4.347826099,16.80970696,28.57776916,2.279359344,1.389956073,0.841765068,0.09793956,1.293488592,4.847405372,21.85714286,21.75714286,43.66383453,22.67164902,21.72063739,2.99360873,23.065625,20.67118056,17.38529766,11119.09333,24930.41667,8696.475833,13298,58043.98583,14510.99646,2.566599868,2.694385236,2.557603059,3.164797381,10.98338554,2.745846386,-0.77,-0.7,-0.79,-1.29,-0.91,-0.51,-0.17,0.36,0.52,0.41,0.26,0.13,-0.288333333,-0.9,-0.8,-0.6,-0.4,-0.1,0.1,0.1,0.2,0.4,0.7,0.9,0.8,0.033333333
