1,2,3,4,5,6,7,8,9,10,11,12,13,14,15,16,17,18,19,20,21,22,23,24,25,26,27,28,29,30,31,32,33,34,35,36,37,38,39,40,41,42,43,44,45,46,47,48,49,50,51,52,53,54,55,56,57,58,59,60,61,62,63,64,65,66,67,68,69,70,71,72,73,74,75,76,77,78,79,80,81,82,83,84,85,86,87,88,89,90,91,92,93,94,95,96,97,98,99,100,101,102,103,104,105,106,107,108
Year,ChasCity_WinterPrecip,ChasCity_SpringPrecip,ChasCity_SummerPrecip,ChasCity_FallPrecip,ChasCity_AnnualPrecip,ChasCity_MeanAnnualDailyPrecip,ChasCity_MeanAnnualMonthlyPrecip,CustomsHouse_MeanAnnualTemp_WaterYr,CustomsHouse_MeanAnnualTemp_CalendarYr,B90_Temp,P88_Temp,T06_Temp,T38_Temp,MeanCooperCSIRaw,MeanAshleyCSIRaw,MeanAnnualWandoCSI,AshleyCSI_April_12mo,AshleyCSI_April24mo,AshleyCSI_WaterYear,AshleyCSI_Winter,CooperCSI_April_12mo,CooperCSI_April24mo,CooperCSI_WaterYear,CooperCSI_Winter,WandoCSI_April_12mo,WandoCSI_April24mo,WandoCSI_WaterYear,WandoCSI_Winter,B90_Salinity,E98_Salinity,E99_Salinity,P88_Salinity,T06_Salinity,T38_Salinity,B90_CPUE,B90_JuvCPUE,B90_SubadultCPUE,B90_AdultCPUE,B90_ImmatureFemaleCPUE,B90_MatureFemaleCPUE,B90_ImmatureMaleCPUE,B90_MatureMaleCPUE,B90_SublegalCPUE,B90_LegalCPUE,E98_CPUE,E98_JuvCPUE,E98_SubadultCPUE,E98_AdultCPUE,E98_SublegalCPUE,E98_LegalCPUE,E99_CPUE,E99_JuvCPUE,E99_SubadultCPUE,E99_AdultCPUE,E99_SublegalCPUE,E99_LegalCPUE,P88_CPUE,P88_SublegalCPUE,P88_LegalCPUE,T06_CPUE,T38_CPUE,T38_JuvCPUE,T38_SubadultCPUE,T38_AdultCPUE,T38_ImmatureFemaleCPUE,T38_MatureFemaleCPUE,T38_ImmatureMaleCPUE,T38_MatureMaleCPUE,T38_SublegalCPUE,T38_LegalCPUE,S16_CPUE,AshleyLandings,CooperLandings,ChsHarborLandings,WandoLandings,SumLandings,MeanLandings,AshleyLandingsCPUE,CooperLandingsCPUE,ChsHarborLandingsCPUE,WandoLandingsCPUE,SumLandingsCPUE,MeanLandingsCPUE,ENSO_DJ,ENSO_JF,ENSO_FM,ENSO_MA,ENSO_AM,ENSO_MJ,ENSO_JJ,ENSO_JA,ENSO_AS,ENSO_SO,ENSO_ON,ENSO_ND,ONI_DJF,ONI_JFM,ONI_FMA,ONI_MAM,ONI_AMJ,ONI_MJJ,ONI_JJA,ONI_JAS,ONI_ASO,ONI_SON,ONI_OND,ONI_NDJ
1972,10.89,10.31,11.42,8.11,40.73,3.22,3.7,,,,,,,,,,,,,,,,,,,,,,,,,,,,,,,,,,,,,,,,,,,,,,,,,,,,,,,,,,,,,,,,,,,48995.45455,,48995.45455,48995.45455,,,,,,,,,,,,,,,,,,,-0.7,-0.4,0.1,0.4,0.7,0.9,1.1,1.4,1.6,1.8,2.1,2.1
1973,14.31,9.95,29.98,6.52,60.76,4.52,5.06,,,,,,,,,,,,,,,,,,,,,,,,,,,,,,,,,,,,,,,,,,,,,,,,,,,,,,,,,,,,,,,,,,,61153.58333,,61153.58333,61153.58333,,,,,,,,,,,,,,,,,,,1.8,1.2,0.5,-0.1,-0.5,-0.9,-1.1,-1.3,-1.5,-1.7,-1.9,-2
1974,7.06,7.51,10.39,13.74,38.7,3.09,3.52,,,,,,,,,,,,,,,,,,,,,,,,,,,,,,,,,,,,,,,,,,,,,,,,,,,,,,,,,,,,,,,,,,,30678.16667,45800,76478.16667,38239.08333,,,,,,,,,,,,,,,,,,,-1.8,-1.6,-1.2,-1,-0.9,-0.8,-0.5,-0.4,-0.4,-0.6,-0.8,-0.6
1975,9.21,10.58,14.15,4.39,38.33,2.89,3.19,,,,,,,,,,,,,,,,,,,,,,,,,,,,,,,,,,,,,,,,,,,,,,,,,,,,,,,,,,,,,,,,,,,14362.63636,,14362.63636,14362.63636,,,,,,,,,,,,,,,,,,,-0.5,-0.6,-0.7,-0.7,-0.8,-1,-1.1,-1.2,-1.4,-1.4,-1.6,-1.7
1976,8.79,16.01,13.49,13.02,51.31,5.53,4.28,,,,,,,,,,,,,,,,,,,,,,,,,,,,,,,,,,,,,,,,,,,,,,,,,,,,,,,,,,,,,,,,,,,5525.1,,5525.1,5525.1,,,,,,,,,,,,,,,,,,,-1.6,-1.2,-0.7,-0.5,-0.3,0,0.2,0.4,0.6,0.8,0.9,0.8
1977,9.56,7.81,15.76,8.9,42.03,5.01,3.5,,,,,,,,,,,,,,,,,,,,,,,,,,,,,,,,,,,,,,,,,,,,,,,,,,,,,,,,,,,,,,,,,,,23290.4,,23290.4,23290.4,,,,,,,,,,,,,,,,,,,0.7,0.6,0.3,0.2,0.2,0.3,0.4,0.4,0.6,0.7,0.8,0.8
1978,8.99,10.06,16.23,9.9,45.18,3.03,3.77,,,,,,,,,,,,,,,,,,,,,,,,,,,,,,,,,,,,,,,,,,,,,,,,,,,,,,,,,,,,,,,,,,,34092.83333,972.25,35065.08333,17532.54167,,,,,,,,,,,,,,,,,,,0.7,0.4,0.1,-0.2,-0.3,-0.3,-0.4,-0.4,-0.4,-0.3,-0.1,0
1979,11.39,12.11,10.5,15.16,49.16,2.91,4.1,,,,,,,,,,,,,,,,,,,,,,,,,,,,,,,,,,,,,,,,,,,,,,,,,,,,,,,,,,,,,,,,,,,35152,22643,57795,28897.5,,,,,,,0.47,0.26,-0.08,0.2,0.27,-0.15,-0.14,0.44,0.38,0.24,0.52,0.65,0,0.1,0.2,0.3,0.2,0,0,0.2,0.3,0.5,0.5,0.6
1980,8.2,15.51,9.87,7.36,40.94,2.42,3.41,,,19.49559659,,,27.41779201,,,,,,,,,,,,,,,,21.96114268,,,,,15.71524476,1.163618971,0.225281897,0.516251095,0.426618007,0.463908084,0.227418028,0.219725109,0.257099779,0.741532992,0.426618007,,,,,,,,,,,,,,,,,4.008571429,1.182077922,2.061038961,0.765454545,1.837922078,0.161038961,1.193506494,0.787532468,3.243116883,0.765454545,,,,12855.41667,29520.54545,42375.96212,21187.98106,,,,,,,0.35,0.19,0.41,0.59,0.55,0.62,0.62,0.15,0.2,0.09,-0.03,-0.06,0.6,0.5,0.3,0.4,0.5,0.5,0.3,0,-0.1,0,0.1,0
1981,8.85,8.24,18.78,4.5,40.37,5.36,3.36,,,19.55202381,,,27.53884959,,,,,,,,,,,,,,,,24.19097222,,,,,17.24333333,5.859872321,0.997661012,2.430595342,2.435336523,1.837522914,2.235901184,0.815763938,0.974404842,3.428256354,2.435336523,,,,,,,,,,,,,,,,,3.392719298,0.474078947,2.234210526,0.684429825,1.045789474,0.04,1.259429825,0.995833333,2.708289474,0.684429825,,,,13015.91667,29558.66667,42574.58333,21287.29167,,,,,,,-0.33,-0.24,0.33,0.41,-0.27,-0.6,-0.51,-0.31,-0.01,-0.1,-0.22,-0.16,-0.3,-0.5,-0.5,-0.4,-0.3,-0.3,-0.3,-0.2,-0.2,-0.1,-0.2,-0.1
1982,9.24,8.76,16.96,7.55,42.51,2.66,3.86,,,19.73560847,,,27.83685896,,,,,,,,,,,,,,,,20.45575397,,,,,12.07371795,1.149579104,0.313705723,0.506836445,0.332642996,0.445771387,0.225334879,0.260358348,0.22172055,0.820542168,0.332642996,,,,,,,,,,,,,,,,,12.75961538,4.400641026,6.615384615,1.743589744,3.903846154,0.173076923,6.022435897,2.099358974,11.01602564,1.743589744,,,,7916.833333,20521,28437.83333,14218.91667,,,,,,,-0.38,-0.47,-0.28,-0.34,-0.03,0.78,1.79,2.02,1.81,1.93,2.28,2.48,0,0.1,0.2,0.5,0.7,0.7,0.8,1.1,1.6,2,2.2,2.2
1983,14.29,14.7,8.04,11.35,48.38,4.15,4.03,,,19.52793561,,,26.63634901,,,,,,,,,,,,,,,,21.31035354,,,,,14.92380952,4.69389658,2.603951438,1.133329224,0.959436423,2.375738918,0.604503759,1.218775214,0.497699195,3.737280663,0.959436423,,,,,,,,,,,,,,,,,5.536984127,1.986825397,2.477777778,1.072380952,2.067301587,0.179365079,1.912063492,1.238253968,4.464603175,1.072380952,,,,28331.41667,13784,42115.41667,21057.70833,,,,,,,2.57,2.74,2.68,2.79,2.89,2.02,0.75,-0.11,-0.41,-0.43,-0.43,-0.43,2.2,1.9,1.5,1.3,1.1,0.7,0.3,-0.1,-0.5,-0.8,-1,-0.9
1984,10.4,13.77,12.02,5.78,41.97,0.49,3.5,,,20.36587302,,,26.91744454,,,,,,,,,,,,,,,,21.390955,,,,,14.06333333,10.41663975,2.586070891,5.104613878,2.728750946,4.773383825,2.142689662,2.372832729,1.130529499,7.690684769,2.728750946,,,,,,,,,,,,,,,,,7.749494949,2.951919192,3.744747475,1.052828283,2.846767677,0.136666667,2.99979798,1.481414141,6.696666667,1.052828283,,,,21865.33333,17630.16667,39495.5,19747.75,,,,,,,-0.5,-0.52,-0.11,0.09,-0.47,-0.72,-0.31,-0.15,-0.11,-0.15,-0.58,-0.31,-0.6,-0.4,-0.3,-0.4,-0.5,-0.4,-0.3,-0.2,-0.2,-0.6,-0.9,-1.1
1985,3.45,4.83,25.05,8.95,42.28,0.64,3.52,,,20.79631944,,,27.85474351,,,,,,,,,,,,,,,,23.96688312,,,,,20.41025641,7.706938056,3.751425104,1.860182373,2.098426134,3.39553827,1.107076676,2.162880529,1.044538137,5.611607477,2.098426134,,,,,,,,,,,,,,,,,1.987762238,0.361538462,1.302680653,0.323543124,0.804545455,0.045454545,0.661072261,0.438228438,1.664219114,0.323543124,,,,21067.41667,8328.333333,29395.75,14697.875,,,,,,,-0.25,-0.58,-0.6,-0.76,-1.22,-0.57,-0.02,-0.37,-0.44,-0.04,0,-0.34,-1,-0.8,-0.8,-0.8,-0.8,-0.6,-0.5,-0.5,-0.4,-0.3,-0.3,-0.4
1986,10.66,5.11,16.72,9.83,42.32,4.95,3.53,,,20.61831019,,,28.30052397,25.242064,,,,,,,,,,,,,,,24.67695106,,,,,19.11333333,13.02661965,2.208055803,7.296977434,3.43264485,5.65197258,2.710386073,2.848940487,1.637198548,9.505033237,3.43264485,,,,,,,,,,,,,,,,,4.794285714,0.17047619,3.36,1.263809524,0.66952381,0.057619048,1.82,2.167142857,3.53047619,1.263809524,,,,37058.16667,14180.08333,51238.25,25619.125,,,,,,,-0.36,-0.3,-0.39,-0.52,-0.18,0.12,0.56,1.05,1.31,0.57,0.65,1.06,-0.5,-0.5,-0.3,-0.2,-0.1,0,0.2,0.4,0.7,0.9,1.1,1.2
1987,11.94,7.79,12.55,20.05,52.33,1.51,4.36,,,19.80188283,,,28.31509225,25.31173989,,,,,,,,,0.134508566,1.355244921,,,,,25.36834795,,,,,18.42058824,15.72481146,3.442160501,5.078747452,7.207066491,4.839066696,6.246040803,2.318643541,2.305057663,8.520907953,7.207066491,,,,,,,,,,,,,,,,,8.27254902,1.797435897,5.070437406,1.404675716,2.961387632,0.194720965,3.32760181,1.788838612,6.867873303,1.404675716,,,,57869.58333,5787.416667,63657,31828.5,,,,,,,0.98,1.08,1.47,1.66,1.91,2.02,1.92,1.48,1.23,1.13,0.85,0.75,1.2,1.2,1.1,0.9,1,1.2,1.5,1.7,1.6,1.5,1.3,1.1
1988,2.87,7.33,11.8,16.29,38.29,1.01,3.19,,,19.51118687,17.3,,27.31225518,27.23567079,,,,,,,-0.875695346,,-1.682817692,-1.093435267,,,,,25.36176347,,,25,,17.29880193,12.47830499,2.549273845,5.960206437,3.972116827,4.795449898,3.519646654,2.647099833,1.483330408,8.509480282,3.972116827,,,,,,,,,,,,,76.31799163,34.14225941,42.17573222,,5.223621966,2.200370218,2.600467914,0.422783834,2.350452489,0.019230769,2.073359729,0.677411559,4.800838132,0.422783834,,,,76971.58333,9694.363636,86665.94697,43332.97348,,,,,,,0.59,0.31,0.19,-0.01,-0.36,-1.19,-1.77,-1.79,-1.77,-1.54,-1.61,-1.49,0.8,0.5,0.1,-0.3,-0.9,-1.3,-1.3,-1.1,-1.2,-1.5,-1.8,-1.8
1989,7.33,8.75,22.44,17.93,56.45,3.71,4.7,,,19.44885175,22.1,,27.23225958,26.30778427,,,,,,,-1.736732235,-1.663901485,-1.77915891,-1.494920774,,,,,22.04488706,,,13,,17.271875,11.74522829,5.315095371,3.591414835,2.841946346,5.331598717,2.639042637,3.229143936,0.548671261,8.906510206,2.841946346,,,,,,,,,,,,,112.1705889,36.32111231,75.84947659,,6.76625,3.155416667,2.828541667,0.782291667,2.906041667,0.166666667,2.831875,0.845,5.983958333,0.782291667,,,,68658.58333,8474.166667,77132.75,38566.375,,,,,,,-1.09,-1.06,-1.2,-1.09,-1.04,-1.02,-1.12,-0.73,-0.61,-0.56,-0.33,-0.02,-1.7,-1.4,-1.1,-0.8,-0.6,-0.4,-0.3,-0.3,-0.2,-0.2,-0.2,-0.1
1990,7.32,4.48,31.8,10.41,54.01,2.37,4.5,,,21.43544432,20.9,,27.04107315,25.44062949,,,,,,,-0.515155257,-1.440512195,-0.512363828,0.278069561,,,,,24.75169553,,,22.5,,16.84045584,7.509668666,3.278535342,2.36720593,1.866836479,3.156860163,0.977791244,1.868615922,1.509310422,5.645741273,1.866836479,,,,,,,,,,,,,66.37915176,15.08840061,51.29075115,,3.294634378,1.179962013,1.658357075,0.45631529,1.366096866,0.102801519,1.345916429,0.429487179,2.838319088,0.45631529,,,,81699.83333,2976.75,84676.58333,42338.29167,,,,,,,0.12,0.43,0.61,0.17,0.03,0.04,0.17,0.06,0.21,-0.06,0.12,0.28,0.1,0.2,0.3,0.3,0.3,0.3,0.3,0.4,0.4,0.3,0.4,0.4
1991,10.02,11.02,13.55,11.01,45.6,1.87,3.8,,,21.31261891,22.2,,27.77765158,24.03545964,,,,,,,0.158258837,-0.237778165,1.072651545,0.638168039,,,,,22.74134997,,,16.5,,8.061742424,7.870023728,3.035089494,3.18134624,1.656443112,3.415655995,1.190601734,2.184428977,1.08219214,6.216435734,1.656443112,,,,,,,,,,,,,53.2242506,12.94160357,40.28264703,,4.841666667,0.9375,3.241666667,0.6625,1.5375,0.075,2.208333333,0.866666667,4.179166667,0.6625,,,,82034.91667,11902,93936.91667,46968.45833,,,,,,,0.16,0.08,0.21,0.21,0.35,0.89,0.88,0.42,0.62,1.09,1.17,1.29,0.4,0.3,0.2,0.3,0.5,0.6,0.7,0.6,0.6,0.8,1.2,1.5
1992,9.06,7.4,24.77,16.64,57.87,1.18,4.82,,,20.12222222,16.7,,28.38380504,23.29289561,,,,,,,-0.044358668,0.061982115,0.80499839,-0.134737652,,,,,24.67083333,,,17,,10.86819853,20.09015208,3.192385115,8.208187786,8.692348071,6.739848338,8.198996989,2.909114841,2.244960805,11.4005729,8.692348071,,,,,,,,,,,,,60.86402821,11.08836207,49.77566614,,5.506985294,1.058639706,3.581066176,0.867279412,1.825919118,0.276102941,2.059926471,0.935110294,4.639705882,0.867279412,,,,69565.75,16632.08333,86197.83333,43098.91667,,,,,,,1.7,1.59,1.72,1.98,1.69,1.58,0.76,0.08,0.5,0.81,0.73,0.78,1.7,1.6,1.5,1.3,1.1,0.7,0.4,0.1,-0.1,-0.2,-0.3,-0.1
1993,9.33,10.73,7.03,9.54,36.63,1.64,3.05,,,20.49462843,21.25,,28.42658723,26.34154806,,,,,,,1.524214578,0.91020652,-0.309247639,0.835352967,,,,,22.27259199,,,22.5,,12.71825397,8.622407386,2.452360821,4.455851167,1.717010146,4.017842252,1.432627383,2.352410886,0.822341613,6.908211988,1.717010146,,,,,,,,,,,,,69.65873588,27.23624129,42.42249459,,5.494047619,2.320436508,2.383928571,0.78968254,2.380952381,0.200396825,1.804563492,0.875992063,4.704365079,0.78968254,,,,50316.08333,13979.41667,64295.5,32147.75,,,,,,,0.83,0.93,0.78,0.98,1.48,1.5,0.91,0.62,0.64,0.95,0.7,0.26,0.1,0.3,0.5,0.7,0.7,0.6,0.3,0.3,0.2,0.1,0,0.1
1994,7.54,2.41,25.2,19.18,54.33,3.77,4.53,,,20.72049374,21.8,,27.42662057,25.1297908,,,,,,,-1.709021771,-0.187746473,-0.929306535,-1.006558882,,,,,22.01040904,,,16,,15.91170635,15.40750389,4.659624174,7.508564344,3.242070673,7.244652031,2.437795397,3.467245839,2.250835571,12.16818852,3.242070673,,,,,,,,,,,,,45.44869774,19.01746863,26.43122911,,8.25,2.388888889,4.960648148,0.900462963,2.856481481,0.104166667,3.634259259,1.423611111,7.349537037,0.900462963,,,,92410.91667,22631.25,115042.1667,57521.08333,,,,,,,0.02,-0.17,-0.21,0.03,0,0.25,0.88,0.84,1.06,1.47,0.99,0.87,0.1,0.1,0.2,0.3,0.4,0.4,0.4,0.4,0.6,0.7,1,1.1
1995,4.66,4.31,21.41,11.75,42.13,1.16,3.51,,,20.52684854,19.85,,28.68059466,22.98362988,,,,,,,0.656522869,-0.706956147,1.315110334,0.777624593,,,,,23.95767196,,,20.5,,14.16150327,5.670893849,1.754516044,2.50823632,1.410730745,2.565764198,1.003451475,1.373279512,0.722339256,4.262752363,1.410730745,,,,,,,,,,,,,71.89168114,21.81122178,50.08045936,,4.792418301,1.107058824,2.368300654,1.317058824,1.432745098,0.063529412,1.415163399,1.81745098,3.475359477,1.317058824,,,,83781,19060.25,102841.25,51420.625,,,,,,,0.77,0.48,0.14,0.18,0.16,0,-0.25,-0.65,-0.86,-0.65,-0.67,-0.82,1,0.7,0.5,0.3,0.1,0,-0.2,-0.5,-0.8,-1,-1,-1
1996,4.6,6.06,9.39,10.17,30.22,2.27,2.52,24.30  ,17.22  ,19.41097222,20.65,,29.19444442,24.21974507,,,,,,,1.150654236,1.130193119,0.590284438,0.399032583,,,,,24.67460317,,,21,,18.24465812,20.2825631,5.427508906,8.519796232,6.337436846,7.001557999,6.490793766,4.677226728,2.115163491,13.94730514,6.337436846,,,,,,,,,,,,,57.00210526,23.69122807,33.31087719,,9.760683761,3.733974359,4.995726496,1.030982906,3.74465812,0.174145299,4.139957265,1.701923077,8.729700855,1.030982906,,,,57685.91667,17231.36364,74917.2803,37458.64015,,,,,,,-0.83,-0.81,-0.64,-0.69,-0.83,-0.9,-0.76,-0.6,-0.26,-0.31,-0.3,-0.45,-0.9,-0.8,-0.6,-0.4,-0.3,-0.3,-0.3,-0.3,-0.4,-0.4,-0.4,-0.5
1997,6.65,10.24,19.91,15.31,52.11,1.61,4.34,20.35  ,20.40  ,20.72351852,18.35,,28.2997282,23.25819837,,19.97793158,,,,,0.539027383,1.055208047,0.882470833,0.210275251,,,,,24.74345238,,,20,,13.0010084,9.911642163,3.895550166,4.411453718,1.606427538,4.821132159,1.304990127,2.838959799,0.948349337,8.307003884,1.606427538,,,,,,,,,,,,,36.42997011,12.77268199,23.65728812,,7.874621849,1.93394958,3.830238095,2.110434174,2.740364146,0.318053221,2.364495798,2.451708683,5.764187675,2.110434174,,,,65621.83333,17455.09091,83076.92424,41538.46212,,,,,,,-0.66,-0.72,-0.29,0.17,0.68,2.25,2.11,2.2,2.17,2.01,2.06,2.03,-0.5,-0.4,-0.1,0.3,0.8,1.2,1.6,1.9,2.1,2.3,2.4,2.4
1998,16.42,11.22,11.32,13.18,52.14,3.44,4.35,20.59  ,21.20  ,21.32322421,21.75,,29.92120925,22.65146908,,19.54566074,,,,,2.331157354,1.78349392,2.198136726,2.559200952,3.096035441,,2.716474459,,23.3405754,,,22.5,,15.46924603,2.895548214,0.635371108,1.390833565,0.871695763,1.099375257,0.521165192,0.710169185,0.567190802,2.026204673,0.871695763,,,,,,,,,,,,,31.25298,9.364350423,21.88862958,,12.08316993,3.700081699,6.605800654,1.777287582,3.607107843,0.466911765,4.770261438,3.238888889,10.30588235,1.777287582,,,,55335.91667,12853.18182,68189.09848,34094.54924,,,,,,,2.23,2.43,2.27,2.55,2.26,0.37,-1.42,-1.74,-1.31,-1.21,-1.3,-1.25,2.2,1.9,1.4,1,0.5,-0.1,-0.8,-1.1,-1.3,-1.4,-1.5,-1.6
1999,7.11,5.47,8.37,15.22,36.17,1.93,3.01,20.38  ,19.93  ,21.11677579,19.15,,29.49571366,23.84168702,,21.4640074,,,,,0.355795763,1.663622795,0.250255047,-0.597130781,0.715562848,2.454200673,0.372144266,1.935672773,24.99632937,19.875,23,16,,20.19907886,6.074371726,1.435715585,3.132581027,1.508674003,2.68714695,1.095888657,1.227736665,1.066198343,4.568296612,1.508674003,9.057971239,0,7.246376991,1.811594248,7.246376991,1.811594248,7.24637699,0,3.623188495,3.623188495,3.623188495,3.623188495,68.68023696,24.35971672,44.32052024,,12.93978668,3.188258219,6.871258058,2.880270407,5.023169031,0.346752226,3.775444257,3.794421169,10.05951628,2.880270407,,,,57644.16667,23198,80842.16667,40421.08333,,,,,,,-1.26,-1.18,-1.11,-1.17,-1.36,-1.26,-1.19,-1.07,-1.17,-1.31,-1.33,-1.43,-1.5,-1.3,-1.1,-1,-1,-1,-1.1,-1.1,-1.2,-1.3,-1.5,-1.7
2000,6.14,3.63,9.74,8.12,27.63,1.79,2.3,20.20  ,19.73  ,20.58969907,16.15,,30.25155303,24.58383512,,21.55891929,,,,,0.94729876,0.811203124,0.806837712,0.969183979,0.858051388,1.08879156,1.158690732,1.005362344,24.6400463,15.13333333,18.06666667,22.5,,19.24084596,9.658995833,0.816930642,4.534764393,4.309811725,2.521130461,3.638085242,1.810655335,1.691635721,5.351695035,4.309811725,7.246376992,0,0,4.830917995,0,4.830917995,2.415458997,0,2.415458997,0,2.415458997,0,26.65032982,12.46007209,14.19025773,,10.54039855,3.275678054,5.101923741,2.162796756,3.919442719,0.382729469,3.428036577,2.810189786,8.377601794,2.162796756,,,,64392,18268.18182,82660.18182,41330.09091,,,,,,,-1.26,-1.27,-1.36,-0.93,-0.97,-1.14,-0.58,-0.08,-0.36,-0.55,-0.91,-0.8,-1.7,-1.4,-1.1,-0.8,-0.7,-0.6,-0.6,-0.5,-0.5,-0.6,-0.7,-0.7
2001,4.9,8.27,18.65,4.56,36.38,2.56,3.31,19.63  ,20.45  ,20.53237526,19.9,,29.11960477,25.87672044,,23.63506113,,,,,0.079124293,0.634065847,-0.252065787,-0.394163794,0.156051871,0.735131367,-0.469492157,0.50475238,27.90197025,10.3,21.33333333,27,,21.69017094,26.95724314,4.881045317,8.907989802,13.17016854,8.715683313,9.841504979,4.308175308,4.093840057,13.78903512,13.17016854,3.623188495,0,0,3.623188495,0,3.623188495,3.019323667,0,0,3.019323667,0,3.019323667,19.5335277,9.978134111,9.555393586,,4.969551282,1.245726496,3.136752137,0.58707265,1.901175214,0.0625,1.686431624,1.319444444,4.382478632,0.58707265,,,,76517.41667,25301.5,101818.9167,50909.45833,,,,,,,-0.82,-0.87,-0.79,-0.61,-0.58,-0.71,-0.02,0.34,-0.07,-0.25,-0.32,0.02,-0.7,-0.5,-0.4,-0.3,-0.3,-0.1,-0.1,-0.1,-0.2,-0.3,-0.3,-0.3
2002,9.15,6.88,18.94,18.17,53.14,4.76,4.43,20.13  ,19.58  ,20.96666667,16.65,,29.2480557,25.09767934,,23.07330019,,,,,-1.275163856,-0.775747287,-1.008119764,-1.659524553,-1.241038846,-0.589350209,-1.191797732,-1.074427306,28.68055556,20.36666667,25.85833333,25,,22.24444444,2.296105556,0.327685458,1.277158007,0.691417647,1.060842974,0.430741667,0.51275049,0.29192598,1.604843464,0.691417647,0,0,0,0,0,0,4.5289855,0,1.8115942,2.7173913,1.8115942,2.7173913,50.68130681,16.53316533,34.14814148,,6.227777778,1.603174603,3.45952381,1.165079365,2.233333333,0.180555556,2.187301587,1.626587302,5.062698413,1.165079365,,,,63637.5,17402.6,81040.1,40520.05,,,,,,,0.07,-0.26,-0.2,-0.36,-0.1,0.4,0.42,0.97,0.84,0.79,0.76,0.86,-0.1,0,0.1,0.2,0.4,0.7,0.8,0.9,1,1.2,1.3,1.1
2003,5.21,15.17,14.58,6.64,41.6,2.18,3.47,20.08  ,20.25  ,20.00972222,20.5,,28.41900013,23.20125201,,21.159748,,,,,0.951234357,-0.243340852,1.542335112,0.488850328,0.627811562,-0.303361933,1.372589716,0.088101416,29.01388889,5.375,18.6,20.16666667,,10.86388889,6.0625,0.479166667,1.847222222,3.736111111,1.597222222,3.458333333,0.520833333,0.486111111,2.326388889,3.736111111,3.623188495,0,3.623188495,0,3.623188495,0,9.057971239,1.811594248,4.528985619,2.717391372,6.340579867,2.717391372,16.879754,8.912686754,7.967067248,,2.365555556,0.531666667,1.230555556,0.603333333,0.782222222,0.04,0.796111111,0.747222222,1.762222222,0.603333333,,4305.5,6618.5,31129.75,4975.25,47029,11757.25,,,,,,,0.8,0.62,0.53,-0.08,-0.57,-0.07,0.01,0.01,0.14,0.26,0.29,0.1,0.9,0.6,0.4,0,-0.3,-0.2,0.1,0.2,0.3,0.3,0.4,0.4
2004,5.5,6.35,21,8.16,41.01,1.2,3.42,20.36  ,20.47  ,20.4562037,23.08571429,,28.12576935,24.79757078,,22.18522483,,,,,0.543647934,0.933427381,-0.023579186,-0.157698704,0.233975174,0.641821709,-0.233877069,1.007827473,27.22152778,2.45,25.85,19.14285714,,19.12612943,19.75694444,4.130611863,11.38067691,4.245655674,5.768226247,3.274979247,3.352263841,2.737955217,15.51128877,4.245655674,7.246376993,0,3.623188496,3.623188496,3.623188496,3.623188496,3.623188495,0,0,3.623188495,0,3.623188495,114.3237293,60.55274861,53.77098065,,8.725946276,2.713675214,3.947191697,1.842857143,3.138156288,0.239010989,2.610927961,2.515628816,6.660866911,1.842857143,,10195.7475,18718.77778,12247.50167,7478.575,48640.60194,12160.15049,2.330669865,2.452029551,2.363444093,3.601048598,10.74719211,2.686798027,0.16,-0.04,-0.44,-0.23,-0.44,-0.34,0.43,0.74,0.54,0.34,0.51,0.51,0.4,0.3,0.2,0.2,0.2,0.3,0.5,0.6,0.7,0.7,0.7,0.7
2005,6.19,14.83,14.79,12.52,48.33,2.64,4.03,20.14  ,20.09  ,21.1625,21.55,,29.97516023,24.46767947,14.24097141,21.42779804,,,,,0.081683414,0.383968096,0.208529421,-0.565678448,0.654939014,0.658682233,0.991733052,0.631486256,25.5625,14.975,24.3,20.33333333,,11.77403846,13.94583333,6.103115079,6.407519841,1.435198413,7.169404762,0.88,4.573531746,1.322896825,12.51063492,1.435198413,12.68115973,1.811594248,0,10.86956549,1.811594248,10.86956549,0,0,0,0,0,0,65.96144796,34.92606852,31.03537944,,4.05849359,1.293269231,2.178685897,0.586538462,1.362980769,0.153044872,1.664262821,0.878205128,3.471955128,0.586538462,,6530.132727,14937.52,12951.02333,9602.5,44021.17606,11005.29402,2.753821348,3.065894459,3.263968008,3.814460297,12.89814411,3.224536028,0.08,0.61,0.82,0.13,0.18,0.2,-0.02,-0.01,-0.05,-0.71,-0.75,-0.73,0.6,0.6,0.4,0.4,0.3,0.1,-0.1,-0.1,-0.1,-0.3,-0.6,-0.8
2006,6.36,4.34,13.9,8.66,33.26,1.99,2.77,20.87  ,20.74  ,22.09875,20.95,21.36178172,28.49978639,25.26679585,16.50673024,23.05176471,0.227325272,,-0.610129259,0.065921727,0.559857976,0.394115433,-0.06366859,0.544152117,0.522492613,0.840514663,-0.109506989,0.944543332,26.07083333,22.6,25.8,24.83333333,23.82359068,20.84508547,15.09848485,7.451588432,5.684793759,1.962102657,7.546071795,1.156239664,4.821191592,1.574981797,13.13638219,1.962102657,21.73913098,0,0,21.73913098,0,21.73913098,4.5289855,0,1.811594208,2.717391292,1.811594208,2.717391292,55.55014446,28.31502517,27.23511929,1.596656406,3.090277778,1.195833333,1.300757576,0.593686869,1.249242424,0.06780303,0.968686869,0.804545455,2.496590909,0.593686869,,10142.44667,19140.29091,11126.38583,3998.066667,44407.19008,11101.79752,2.491597788,2.886101399,3.497397593,3.258794805,12.13389158,3.033472896,-0.68,-0.5,-0.61,-0.84,-0.43,-0.23,0.11,0.56,0.63,0.68,0.9,0.59,-0.8,-0.7,-0.5,-0.3,0,0,0.1,0.3,0.5,0.7,0.9,0.9
2007,7.4,3.22,11.09,10.47,32.18,2.56,2.68,20.69  ,20.98  ,22.01404762,22.78333333,21.96998516,29.32194852,26.20283113,16.83919398,23.98969801,-0.600871831,-0.173389569,-0.628980827,0.466259951,-0.43700579,0.062023302,-0.609638852,0.241173935,-0.577042925,0.060938569,-0.746177008,-0.457626233,28.26309524,18.25,28.2,25,25.16303224,21.49571078,9.592013889,3.803229626,4.346304593,1.44247967,4.150455367,0.872124989,3.640341084,0.92909245,8.149534219,1.44247967,48.14771843,0,14.98682486,33.16089357,14.98682486,33.16089357,3.623188496,3.623188496,0,0,3.623188496,0,43.51330637,19.81666839,23.69663798,1.722439093,2.301420455,0.438825758,1.084375,0.778219697,0.748863636,0.016666667,0.588257576,0.947632576,1.523200758,0.778219697,,5782.6075,15092.93333,11355.98333,8474.2,40705.72417,10176.43104,2.400821026,2.611519636,2.812669455,3.221146171,11.04615629,2.761539072,0.62,0.39,-0.22,-0.36,-0.44,-0.86,-0.77,-0.93,-1.1,-1.14,-1.13,-1.22,0.7,0.3,0,-0.2,-0.3,-0.4,-0.5,-0.8,-1.1,-1.4,-1.5,-1.6
2008,5.84,8.41,19,16.08,49.33,0.33,4.11,21.01  ,20.54  ,20.38333333,21.9,21.24034981,27.75729168,26.50309058,16.02660001,24.03118904,-1.126818652,-0.925774702,-1.146250743,-0.6094845,-1.56107487,-1.278923167,-1.612493116,-1.613750534,-1.805568669,-1.399687131,-1.599751711,-1.728223632,30.43333333,21,,23,25.01038569,19.90104167,10.03125,3.488908269,3.9271711,2.61517063,4.504485125,1.681291844,2.641245952,1.204227079,7.41607937,2.61517063,0,0,0,0,0,0,,,,,,,51.87003437,21.670259,30.19977537,2.202487118,4.104166667,1.260416667,1.708333333,1.135416667,1.307291667,0.223958333,1.286458333,1.286458333,2.96875,1.135416667,,6629.965833,18145.92727,13701.57667,10854.47818,49331.94795,12332.98699,2.442702927,3.345429566,2.512984547,2.808728068,11.10984511,2.777461277,-1.08,-1.27,-1.54,-1.13,-0.98,-0.86,-0.87,-1.08,-1.07,-1.12,-1.05,-1.05,-1.6,-1.4,-1.2,-0.9,-0.8,-0.5,-0.4,-0.3,-0.3,-0.4,-0.6,-0.7
2009,13.23,10.92,15.86,7.74,47.75,10.1,3.98,20.36  ,20.69  ,18.69652778,22.11666667,21.26712879,28.08663215,25.61561437,14.53997577,23.42259575,-0.326029512,-0.777712733,0.388438755,-0.77720278,-0.537652284,-1.341240224,-0.389920737,-0.392867807,-0.615392809,-1.423151642,-0.445272659,-0.938305726,27.95833333,,22.43333333,24.5,24.46377306,15.44270833,1.861111111,0.285714286,0.876984127,0.698412698,0.694444444,0.396825397,0.412698413,0.357142857,1.162698413,0.698412698,,,,,,,2.415458997,1.207729499,1.207729499,0,2.415458997,0,31.10712204,12.21146553,18.89565651,0.622471894,2.295138889,0.789930556,0.850694444,0.654513889,0.678819444,0.046875,0.770833333,0.798611111,1.640625,0.654513889,,4424.410833,13537.01818,11924.69333,13642.5,43528.62235,10882.15559,1.622180703,2.767912235,2.128441605,2.617880201,9.136414745,2.284103686,-1.01,-0.85,-0.94,-0.81,-0.72,-0.06,0.49,0.52,0.39,0.56,1.05,0.96,-0.8,-0.7,-0.5,-0.2,0.1,0.4,0.5,0.5,0.7,1,1.3,1.6
2010,9.49,5.86,18.25,6.69,40.29,2.02,3.36,20.73  ,20.48  ,19.63757143,22.64,20.90714532,30.5743591,24.99128544,13.31631979,22.73736524,0.606494792,0.189971003,0.46266121,1.518746258,-0.122865327,-0.427886521,-0.059064185,1.218859438,-0.147276711,-0.376624082,-0.145586835,-0.193541279,25.01349206,25.55,20.5,20.6,22.10182048,18.4973545,3.602922078,0.368506494,1.36475469,1.869660895,0.937301587,1.455916306,0.476695527,0.630735931,1.733261183,1.869660895,65.21739198,3.623188496,32.60869599,28.98550749,36.23188449,28.98550749,7.24637699,0,3.623188495,3.623188495,3.623188495,3.623188495,19.28829762,7.598414856,11.68988276,1.258421724,2.875661376,0.994708995,1.423280423,0.457671958,1.08994709,0.060846561,1.174603175,0.55026455,2.417989418,0.457671958,,4893.006667,18481.23636,8352.726667,13682.2,45409.1697,11352.29242,1.892634345,3.062465468,2.192636318,3.272128501,10.41986463,2.604966158,0.93,1.28,1.31,0.49,-0.17,-1.33,-2.43,-2.4,-2.28,-2.18,-2.04,-1.91,1.5,1.3,0.9,0.4,-0.1,-0.6,-1,-1.4,-1.6,-1.7,-1.7,-1.6
2011,5.52,5.84,10.64,9.5,31.5,0.48,2.63,20.57  ,20.76  ,20.14821429,23.6,22.39109315,30.27277383,26.63120313,18.4883356,23.75014086,-0.264089286,0.226685352,-0.995458279,-0.472806635,-0.678040463,-0.517344886,-1.007713402,-0.768847094,-0.751944127,-0.463109274,-0.685601411,-0.665360641,27.87857143,,24.3,23.66666667,24.28731786,20.90710784,10.08766234,1.071428571,4.854737855,4.161495911,2.717412217,3.882154882,1.653799904,1.834295334,5.926166426,4.161495911,,,,,,,10.86956549,0,10.86956549,0,10.86956549,0,40.19162949,13.86732412,26.32430537,1.501418722,2.670955882,0.898815359,1.098120915,0.674019608,0.779616013,0.086601307,1.086397059,0.718341503,1.996936275,0.674019608,,6913.448,34407.93818,18532.15,13421.8,73275.33618,18318.83405,2.351529225,3.605159165,2.889209376,3.073558607,11.91945637,2.979864093,-1.83,-1.63,-1.79,-1.74,-1.29,-1.08,-0.86,-0.88,-1.16,-1.37,-1.21,-1.24,-1.4,-1.1,-0.8,-0.6,-0.5,-0.4,-0.5,-0.7,-0.9,-1.1,-1.1,-1
2012,6.13,9.11,20.36,3.18,38.78,3.29,3.23,21.37  ,21.28  ,19.675,22.08333333,21.76822737,29.73944454,26.40130344,18.21052204,24.15693746,-1.845162097,-1.175940399,-1.393678142,-1.713986104,-1.50616177,-1.393144566,-1.31301908,-1.180443516,-1.310620037,-1.191823058,-1.275975123,-1.19855999,26.825,26,14.5,21.33333333,24.05212629,15.02222222,3.997496684,1.339423077,1.839323607,0.81875,1.679227454,0.675,0.818269231,0.325,3.178746684,0.81875,1291.062821,0,1061.594219,229.4686016,1061.594219,229.4686016,1.811594248,0,0,1.811594248,0,1.811594248,41.76340781,24.05142836,17.71197945,2.46230477,1.35,0.344444444,0.788888889,0.216666667,0.577777778,0.027777778,0.35,0.394444444,1.133333333,0.216666667,,10499.325,37440.54917,26145.27417,18527.66667,92612.815,23153.20375,2.954244095,3.371014459,3.212964532,3.090378189,12.62860128,3.157150319,-1.08,-0.67,-0.59,-0.43,-0.35,-0.28,0.3,-0.06,-0.32,-0.22,-0.07,-0.07,-0.8,-0.6,-0.5,-0.4,-0.2,0.1,0.3,0.3,0.3,0.2,0,-0.2
2013,11.24,9.71,20.15,7.8,48.9,1.87,4.08,20.30  ,20.34  ,19.82479167,21.68333333,20.77361066,28.86028833,24.41760284,12.63339799,22.53343816,-0.412573239,-1.251794491,0.521785211,-0.701058872,-0.502552322,-1.284165147,0.205251044,-0.524380048,-0.838916072,-1.245778676,-0.067326062,-1.138460411,23.48819444,,25.56666667,19.16666667,20.19448176,7.373076923,2.170138889,1.09375,0.8125,0.263888889,1.236111111,0.277777778,0.538194444,0.118055556,1.90625,0.263888889,,,,,,,1.207729499,0,1.207729499,0,1.207729499,0,67.42347751,18.07986979,49.34360772,1.338590387,2.201923077,0.453846154,1.020192308,0.727884615,0.503846154,0.100961538,0.8,0.797115385,1.474038462,0.727884615,,10124.27556,20967.31167,13975.42333,19450.11917,64517.12972,16129.28243,2.593812426,2.90815032,1.784600629,2.429938421,9.716501795,2.429125449,-0.05,-0.07,-0.14,-0.37,-0.71,-1.18,-0.85,-0.5,-0.38,-0.16,-0.18,-0.35,-0.4,-0.3,-0.2,-0.2,-0.3,-0.3,-0.4,-0.4,-0.3,-0.2,-0.2,-0.3
2014,6.12,13.64,9.95,4.82,34.53,1.51,3.14,20.25  ,20.65  ,19.6906746,20.525,20.56914995,30.13555554,24.97953207,13.53678157,22.80769284,0.639318565,0.155644202,-0.175778586,-0.545383245,0.224467684,-0.188444956,-0.282929724,-0.719654687,-0.135279787,-0.510897842,-0.557254036,0.007794584,19.88888889,,18.5,17.75,21.67029908,19.11111111,1.6875,0.364583333,0.614583333,0.708333333,0.354166667,0.520833333,0.135416667,0.229166667,0.979166667,0.708333333,,,,,,,7.246376992,0,0,7.246376992,0,7.246376992,33.29984774,18.80520484,14.4946429,0.588738549,1.477777778,0.244444444,0.6,0.633333333,0.711111111,0.133333333,0.133333333,0.5,0.844444444,0.633333333,,8693.409091,20607.38182,7471.796667,19971.75,56744.33758,14186.08439,2.051106196,2.844751014,2.268621986,2.763561877,9.928041072,2.482010268,-0.51,-0.43,-0.08,-0.16,-0.18,-0.01,0.32,0.16,-0.15,0.07,0.34,0.34,-0.4,-0.4,-0.2,0.1,0.3,0.2,0.1,0,0.2,0.4,0.6,0.7
2015,9.88,9.3,19.55,28.11,66.84,2.66,5.57,21.01  ,21.05  ,20.71994048,21.425,21.42341573,30.8648333,23.6879545,10.23177149,21.52946721,0.964931451,0.946276731,0.99526166,0.90130994,0.245151072,0.286885664,0.070699181,0.256379332,0.025763003,0.033913981,-0.09071944,0.014025472,18.76785714,0.3,17.7,16.25,20.15512693,16.11666667,3.166666667,1.020833333,0.646130952,1.480952381,0.994642857,1.005952381,0.660416667,0.424404762,1.666964286,1.480952381,7.24637699,7.24637699,0,0,7.24637699,0,0,0,0,0,0,0,29.51853716,10.35976789,19.15876927,1.605047227,6.093333333,0.958333333,2.738333333,2.396666667,2.188333333,0.408333333,0.766666667,1.871666667,3.696666667,2.396666667,,8790.973333,14895.66667,8551.466667,20807.625,53045.73167,13261.43292,2.230928702,2.694943012,2.376531724,2.227238248,9.529641685,2.382410421,0.23,0.05,0.13,0.35,0.96,1.85,1.73,1.92,2.21,2.11,1.88,1.9,0.6,0.6,0.6,0.8,1,1.2,1.5,1.8,2.1,2.4,2.5,2.6
2016,7.69,9.98,8.41,16.23,42.31,,3.85,21.55  ,21.30  ,22.03522727,20.97142857,21.35528161,27.94085705,23.98347561,11.91121018,22.16040307,1.701484113,1.533593238,1.566907606,1.593386599,1.117238797,0.84619661,1.350420005,1.503170224,0.653914083,0.526176266,0.743063374,1.005129186,22.03409091,21.7,30.7,17.57142857,20.15501182,18.99365079,9.818181818,1.056818182,2.227272727,5.965909091,1.75,3.988636364,1.386363636,2.102272727,3.284090909,5.965909091,7.24637699,0,0,7.24637699,0,7.24637699,0,0,0,0,0,0,32.67326143,12.68393488,19.98932655,2.273138556,3.140548341,1.025901876,0.955988456,1.025324675,0.732972583,0.105339105,1.03008658,1.073881674,1.981890332,1.025324675,16.94267981,13792.53333,22528.53636,12275.66667,21797.08333,70393.8197,17598.45492,2.602144762,3.329133448,2.951100941,2.721543483,11.60392263,2.900980659,1.94,1.81,1.31,1.33,1.26,0.36,-0.51,-0.28,-0.34,-0.6,-0.51,-0.34,2.5,2.2,1.7,1,0.5,0,-0.3,-0.6,-0.7,-0.7,-0.7,-0.6
2017,,,,,,,,21.63  ,21.83  ,21.83125,20.85714286,21.60052037,27.52161895,24.69091052,13.09874233,22.72739683,0.320662228,1.146275108,0.888756059,0.111983296,0.003450029,0.69069577,0.364163838,-0.015268757,-0.103805067,0.443842677,0.257890899,0.212897877,21.78125,7,22.1,20.42857143,20.76268369,15.55238095,8.415719697,1.03125,2.645833333,3.634469697,1.958333333,2.832386364,1.1875,1.229166667,3.677083333,3.634469697,14.49275399,0,7.246376993,7.246376993,7.246376993,7.246376993,3.623188495,0,1.811594248,1.811594248,1.811594248,1.811594248,34.47886567,18.37055624,16.10830943,2.029875494,5.057414966,2.141564626,1.582244898,1.333605442,1.820680272,0.377619048,1.569795918,0.680748299,3.723809524,1.333605442,15.87911966,10880.66667,26567.75,10091.39583,17506.33333,65046.14583,16261.53646,2.789275709,3.130960732,2.731854158,2.47254033,11.12463093,2.781157732,-0.41,-0.41,-0.58,-0.21,0.17,-0.29,-0.7,-0.77,-0.8,-0.63,-0.63,-0.73,-0.3,-0.1,0.1,0.3,0.4,0.4,0.2,-0.1,-0.4,-0.7,-0.9,-1
2018,,,,,,,,20.91  ,20.78  ,20.77499997,21.75714286,21.72063739,28.57776916,,,,,,,,,,,,,,,,21.09375,12.1,22.4,21.85714286,22.67164902,16.80970696,10.42708333,2.135645604,2.857371795,5.079899267,2.793040293,4.506982601,1.583791209,1.116185897,4.993017399,5.079899267,7.24637699,0,7.24637699,0,7.24637699,0,1.811594248,0,0,1.811594248,0,1.811594248,43.66383453,23.01877687,20.64505767,2.99360873,4.847405372,2.279359393,1.389956068,0.841765125,1.293488592,0.09793956,1.876106682,0.922854868,3.669315461,0.841765125,17.38529766,11119.09333,24930.41667,8696.475833,13298,58043.98583,14510.99646,2.566599868,2.694385236,2.557603059,3.164797381,10.98338554,2.745846386,-0.77,-0.7,-0.79,-1.29,-0.91,-0.51,-0.17,0.36,0.52,0.41,0.26,0.13,-0.9,-0.8,-0.6,-0.4,-0.1,0.1,0.1,0.2,0.4,0.7,0.9,0.8
